-- MySQL dump 10.13  Distrib 8.0.23, for Win64 (x86_64)
--
-- Host: localhost    Database: vk
-- ------------------------------------------------------
-- Server version	8.0.23

/*!40101 SET @OLD_CHARACTER_SET_CLIENT=@@CHARACTER_SET_CLIENT */;
/*!40101 SET @OLD_CHARACTER_SET_RESULTS=@@CHARACTER_SET_RESULTS */;
/*!40101 SET @OLD_COLLATION_CONNECTION=@@COLLATION_CONNECTION */;
/*!50503 SET NAMES utf8mb4 */;
/*!40103 SET @OLD_TIME_ZONE=@@TIME_ZONE */;
/*!40103 SET TIME_ZONE='+00:00' */;
/*!40014 SET @OLD_UNIQUE_CHECKS=@@UNIQUE_CHECKS, UNIQUE_CHECKS=0 */;
/*!40014 SET @OLD_FOREIGN_KEY_CHECKS=@@FOREIGN_KEY_CHECKS, FOREIGN_KEY_CHECKS=0 */;
/*!40101 SET @OLD_SQL_MODE=@@SQL_MODE, SQL_MODE='NO_AUTO_VALUE_ON_ZERO' */;
/*!40111 SET @OLD_SQL_NOTES=@@SQL_NOTES, SQL_NOTES=0 */;

--
-- Table structure for table `communities`
--

DROP TABLE IF EXISTS `communities`;
/*!40101 SET @saved_cs_client     = @@character_set_client */;
/*!50503 SET character_set_client = utf8mb4 */;
CREATE TABLE `communities` (
  `id` bigint unsigned NOT NULL AUTO_INCREMENT,
  `name` varchar(150) DEFAULT NULL,
  `admin_user_id` bigint unsigned NOT NULL,
  PRIMARY KEY (`id`),
  UNIQUE KEY `id` (`id`),
  KEY `communities_name_ind` (`name`),
  KEY `admin_user_id` (`admin_user_id`)
) ENGINE=InnoDB AUTO_INCREMENT=101 DEFAULT CHARSET=utf8mb4 COLLATE=utf8mb4_0900_ai_ci;
/*!40101 SET character_set_client = @saved_cs_client */;

--
-- Dumping data for table `communities`
--

LOCK TABLES `communities` WRITE;
/*!40000 ALTER TABLE `communities` DISABLE KEYS */;
INSERT INTO `communities` VALUES (1,'unde',1),(2,'est',2),(3,'modi',3),(4,'tempore',4),(5,'qui',5),(6,'minus',6),(7,'quo',7),(8,'officiis',8),(9,'quae',9),(10,'saepe',10),(11,'sit',11),(13,'velit',13),(14,'sit',14),(15,'necessitatibus',15),(16,'ut',16),(17,'sit',17),(19,'non',19),(20,'et',20),(21,'ullam',21),(22,'quod',22),(23,'qui',23),(24,'est',24),(25,'ducimus',25),(26,'modi',26),(27,'voluptatibus',27),(28,'ipsa',28),(30,'ab',30),(31,'consequatur',31),(32,'quibusdam',32),(33,'quae',33),(34,'aliquid',34),(35,'ad',35),(36,'molestiae',36),(38,'itaque',38),(39,'consequatur',39),(41,'aspernatur',1),(43,'eum',3),(44,'est',4),(45,'quo',5),(46,'cum',6),(47,'dolorum',7),(48,'quas',8),(49,'necessitatibus',9),(50,'adipisci',10),(51,'fuga',11),(52,'cum',12),(53,'esse',13),(54,'qui',14),(55,'dolores',15),(57,'aut',17),(58,'dolorem',18),(59,'aut',19),(61,'iure',21),(62,'nihil',22),(63,'atque',23),(64,'ad',24),(65,'commodi',25),(66,'qui',26),(67,'magnam',27),(68,'laudantium',28),(69,'saepe',29),(71,'nam',31),(72,'non',32),(73,'nemo',33),(74,'consequatur',34),(75,'rerum',35),(76,'asperiores',36),(78,'qui',38),(79,'aut',39),(80,'molestiae',40),(81,'aut',1),(82,'molestiae',2),(83,'voluptatem',3),(84,'veniam',4),(87,'corrupti',7),(88,'sit',8),(89,'expedita',9),(90,'eum',10),(91,'dolorem',11),(92,'aliquid',12),(93,'asperiores',13),(94,'vitae',14),(95,'rerum',15),(96,'neque',16),(98,'ad',18),(99,'esse',19),(100,'accusamus',20);
/*!40000 ALTER TABLE `communities` ENABLE KEYS */;
UNLOCK TABLES;

--
-- Table structure for table `friend_requests`
--

DROP TABLE IF EXISTS `friend_requests`;
/*!40101 SET @saved_cs_client     = @@character_set_client */;
/*!50503 SET character_set_client = utf8mb4 */;
CREATE TABLE `friend_requests` (
  `initiator_user_id` bigint unsigned NOT NULL,
  `target_user_id` bigint unsigned NOT NULL,
  `requested_at` datetime DEFAULT CURRENT_TIMESTAMP,
  `updated_at` datetime DEFAULT NULL ON UPDATE CURRENT_TIMESTAMP,
  `status` enum('requested','approved','declined','unfriended') DEFAULT NULL,
  PRIMARY KEY (`initiator_user_id`,`target_user_id`),
  KEY `target_user_id` (`target_user_id`),
  CONSTRAINT `friend_requests_ibfk_1` FOREIGN KEY (`initiator_user_id`) REFERENCES `users` (`id`),
  CONSTRAINT `friend_requests_ibfk_2` FOREIGN KEY (`target_user_id`) REFERENCES `users` (`id`)
) ENGINE=InnoDB DEFAULT CHARSET=utf8mb4 COLLATE=utf8mb4_0900_ai_ci;
/*!40101 SET character_set_client = @saved_cs_client */;

--
-- Dumping data for table `friend_requests`
--

LOCK TABLES `friend_requests` WRITE;
/*!40000 ALTER TABLE `friend_requests` DISABLE KEYS */;
INSERT INTO `friend_requests` VALUES (1,19,'1995-12-27 08:35:06','0000-00-00 00:00:00','declined'),(1,35,'2014-05-24 12:35:49','2020-10-03 15:42:44','approved'),(1,39,'1999-04-22 17:11:20','0000-00-00 00:00:00','unfriended'),(2,6,'1984-06-25 13:41:09','0000-00-00 00:00:00','requested'),(2,7,'1975-03-12 04:23:58','0000-00-00 00:00:00','unfriended'),(2,13,'1973-06-09 05:19:06','1972-10-02 01:25:08','declined'),(2,19,'2020-01-01 12:06:18','2013-11-10 10:29:06','unfriended'),(3,14,'1983-06-30 23:08:17','1999-02-08 21:28:22','approved'),(3,34,'1974-04-13 04:10:14','0000-00-00 00:00:00','unfriended'),(6,4,'2006-06-15 04:36:32','0000-00-00 00:00:00','approved'),(6,22,'2016-11-10 22:40:15','1987-09-03 23:22:18','unfriended'),(6,39,'1980-01-14 08:54:14','2003-03-30 02:49:10','approved'),(8,16,'1983-03-25 00:53:52','0000-00-00 00:00:00','declined'),(8,20,'2011-03-16 00:19:30','1995-06-03 06:12:36','requested'),(9,13,'2019-04-19 23:37:06','0000-00-00 00:00:00','approved'),(10,33,'2005-07-04 02:04:32','2007-04-26 10:10:32','unfriended'),(10,39,'1982-03-13 10:10:01','0000-00-00 00:00:00','unfriended'),(11,6,'1971-10-05 02:38:21','0000-00-00 00:00:00','declined'),(11,10,'1982-11-13 10:22:38','0000-00-00 00:00:00','requested'),(11,36,'2013-12-15 17:16:55','1994-01-28 15:43:12','approved'),(12,6,'2018-04-11 04:44:35','0000-00-00 00:00:00','requested'),(12,20,'2015-10-16 10:07:21','2020-11-07 00:02:26','requested'),(12,34,'1978-11-18 17:00:05','2019-01-22 02:56:41','unfriended'),(14,15,'1984-03-21 05:59:14','0000-00-00 00:00:00','unfriended'),(14,34,'2007-03-01 14:38:24','1971-08-17 22:18:21','requested'),(15,3,'2014-07-11 01:59:09','0000-00-00 00:00:00','unfriended'),(15,5,'1989-08-30 21:57:30','0000-00-00 00:00:00','requested'),(15,14,'1981-08-07 20:17:41','0000-00-00 00:00:00','requested'),(15,17,'1983-06-30 21:04:15','1999-12-21 17:54:27','unfriended'),(15,26,'1996-05-16 18:37:39','0000-00-00 00:00:00','unfriended'),(16,2,'1972-07-05 18:43:10','1986-10-16 03:56:00','requested'),(16,16,'2018-03-11 17:00:29','0000-00-00 00:00:00','declined'),(16,39,'1999-03-23 05:02:17','2014-11-16 02:56:04','unfriended'),(17,5,'1975-06-04 10:52:16','1997-08-31 07:37:44','requested'),(17,36,'1986-09-11 04:27:10','0000-00-00 00:00:00','requested'),(19,1,'1974-02-15 10:12:09','1987-07-12 22:30:17','requested'),(19,9,'1975-01-14 16:24:10','1994-07-28 19:10:21','unfriended'),(19,11,'1983-05-21 04:37:06','0000-00-00 00:00:00','requested'),(19,12,'1971-05-27 07:52:49','0000-00-00 00:00:00','approved'),(19,22,'2018-07-25 15:07:31','0000-00-00 00:00:00','requested'),(19,25,'1978-01-26 06:39:15','2016-11-01 21:39:14','unfriended'),(19,28,'2016-03-27 04:04:43','0000-00-00 00:00:00','declined'),(20,12,'1994-11-09 02:35:09','1990-02-11 20:31:32','approved'),(20,21,'2009-11-11 01:26:14','0000-00-00 00:00:00','declined'),(21,4,'1984-01-10 00:32:56','2014-04-01 09:46:12','declined'),(21,15,'2010-06-02 04:59:40','1997-09-11 14:32:31','unfriended'),(21,22,'1989-06-05 01:53:14','1984-10-10 14:15:35','declined'),(21,39,'1981-04-17 21:59:14','0000-00-00 00:00:00','unfriended'),(24,32,'1976-01-06 20:08:25','0000-00-00 00:00:00','declined'),(24,33,'1995-07-01 12:53:17','2010-09-28 20:18:57','unfriended'),(25,7,'1990-05-20 23:03:33','0000-00-00 00:00:00','unfriended'),(25,33,'2016-12-14 21:05:23','1977-01-28 21:59:50','declined'),(26,26,'2019-07-16 00:56:01','0000-00-00 00:00:00','requested'),(26,29,'1976-06-30 14:21:29','0000-00-00 00:00:00','declined'),(27,12,'1975-03-12 05:59:29','0000-00-00 00:00:00','declined'),(27,27,'1981-01-03 21:46:52','1993-09-01 02:02:32','unfriended'),(28,14,'1994-03-04 14:47:50','0000-00-00 00:00:00','declined'),(28,22,'1978-07-18 20:17:02','1998-04-13 09:28:23','unfriended'),(28,36,'1987-03-11 01:47:14','0000-00-00 00:00:00','declined'),(30,21,'1974-10-31 03:34:19','0000-00-00 00:00:00','declined'),(30,22,'1990-05-25 22:50:33','0000-00-00 00:00:00','declined'),(30,37,'2010-07-04 04:22:24','0000-00-00 00:00:00','approved'),(31,17,'1997-09-08 15:20:08','0000-00-00 00:00:00','requested'),(31,27,'1994-07-19 06:20:22','0000-00-00 00:00:00','declined'),(33,29,'2008-12-30 09:59:49','0000-00-00 00:00:00','requested'),(34,30,'1997-12-17 17:43:58','2005-11-27 13:27:39','approved'),(35,30,'1975-03-23 23:03:32','0000-00-00 00:00:00','unfriended'),(36,17,'1977-12-05 13:12:28','0000-00-00 00:00:00','requested'),(36,29,'2020-06-17 12:00:40','0000-00-00 00:00:00','requested'),(37,4,'2001-11-05 13:44:45','0000-00-00 00:00:00','requested'),(37,22,'2008-09-14 11:50:11','0000-00-00 00:00:00','declined'),(38,9,'2010-11-01 04:36:54','1992-01-20 17:43:17','unfriended'),(38,23,'1975-09-17 19:12:43','0000-00-00 00:00:00','unfriended'),(39,8,'2002-01-31 15:47:54','0000-00-00 00:00:00','requested'),(39,15,'2005-06-20 06:57:15','0000-00-00 00:00:00','approved'),(39,19,'1975-10-29 20:15:49','0000-00-00 00:00:00','unfriended'),(40,33,'1996-09-09 22:15:03','2017-06-03 12:35:07','declined'),(40,36,'1984-11-14 03:52:50','0000-00-00 00:00:00','approved');
/*!40000 ALTER TABLE `friend_requests` ENABLE KEYS */;
UNLOCK TABLES;

--
-- Table structure for table `likes`
--

DROP TABLE IF EXISTS `likes`;
/*!40101 SET @saved_cs_client     = @@character_set_client */;
/*!50503 SET character_set_client = utf8mb4 */;
CREATE TABLE `likes` (
  `id` bigint unsigned NOT NULL AUTO_INCREMENT,
  `user_id` bigint unsigned NOT NULL,
  `media_id` bigint unsigned NOT NULL,
  `created_at` datetime DEFAULT CURRENT_TIMESTAMP,
  PRIMARY KEY (`id`),
  UNIQUE KEY `id` (`id`),
  KEY `user_id` (`user_id`),
  KEY `media_id` (`media_id`),
  CONSTRAINT `likes_ibfk_1` FOREIGN KEY (`user_id`) REFERENCES `users` (`id`) ON DELETE CASCADE ON UPDATE CASCADE,
  CONSTRAINT `likes_ibfk_2` FOREIGN KEY (`media_id`) REFERENCES `media` (`id`) ON DELETE CASCADE ON UPDATE CASCADE
) ENGINE=InnoDB AUTO_INCREMENT=201 DEFAULT CHARSET=utf8mb4 COLLATE=utf8mb4_0900_ai_ci;
/*!40101 SET character_set_client = @saved_cs_client */;

--
-- Dumping data for table `likes`
--

LOCK TABLES `likes` WRITE;
/*!40000 ALTER TABLE `likes` DISABLE KEYS */;
INSERT INTO `likes` VALUES (1,1,1,'1970-11-02 03:26:17'),(2,2,2,'1985-08-01 20:17:48'),(3,3,3,'1979-11-10 19:51:19'),(6,6,6,'1980-05-21 14:55:55'),(7,7,7,'2006-08-26 18:20:20'),(8,8,8,'2018-11-08 09:49:13'),(9,9,9,'2012-08-30 06:32:59'),(12,12,12,'1990-06-08 04:18:39'),(13,13,13,'1998-02-05 15:56:20'),(14,14,14,'2006-03-11 02:15:38'),(15,15,15,'1993-10-18 23:19:00'),(16,16,16,'1996-07-10 18:59:02'),(20,20,20,'1986-10-08 00:10:45'),(21,21,21,'2008-12-12 19:49:07'),(22,22,22,'1988-08-23 17:41:27'),(23,23,23,'1976-11-04 20:27:33'),(24,24,24,'2002-05-08 12:23:40'),(25,25,25,'1971-03-23 08:14:34'),(26,26,26,'2003-04-19 10:57:27'),(27,27,27,'1970-05-18 19:11:17'),(28,28,28,'1985-10-02 23:09:26'),(29,29,29,'2016-10-23 08:28:22'),(32,32,32,'1999-12-19 20:48:40'),(33,33,33,'1996-11-15 12:58:03'),(34,34,34,'1979-08-29 21:10:49'),(35,35,35,'2021-01-05 02:22:46'),(39,39,39,'1998-07-01 01:58:22'),(40,40,40,'2000-07-19 22:39:56'),(41,1,41,'1977-09-26 12:44:27'),(42,2,42,'1986-03-12 15:17:29'),(43,3,43,'1982-03-07 00:50:45'),(44,4,44,'2006-11-19 15:38:46'),(45,5,45,'2014-01-13 23:44:38'),(46,6,46,'2017-10-31 04:35:48'),(49,9,49,'1986-04-23 21:47:00'),(50,10,50,'2018-03-12 02:26:52'),(51,11,51,'2003-05-06 09:24:13'),(52,12,52,'2016-07-16 10:02:04'),(53,13,53,'1983-03-16 19:03:21'),(54,14,54,'1973-06-25 05:56:44'),(55,15,55,'1995-01-29 11:19:29'),(56,16,56,'2010-06-25 06:17:10'),(57,17,57,'1980-11-06 06:46:13'),(58,18,58,'2017-12-16 14:38:31'),(62,22,62,'2003-01-22 04:57:13'),(63,23,63,'1984-03-02 02:21:28'),(64,24,64,'1998-09-11 10:14:22'),(65,25,65,'1977-11-21 20:30:09'),(66,26,66,'2008-06-19 01:51:16'),(67,27,67,'1995-12-31 08:29:11'),(68,28,68,'1985-07-07 08:30:08'),(72,32,72,'1973-02-18 13:16:54'),(73,33,73,'1983-10-25 23:55:45'),(74,34,74,'1998-11-15 05:41:23'),(75,35,75,'1973-12-06 12:27:01'),(76,36,76,'2014-11-23 11:24:53'),(79,39,79,'1980-04-03 03:56:41'),(80,40,80,'1973-07-04 22:24:44'),(81,1,81,'1997-08-16 23:07:26'),(82,2,82,'2006-09-10 00:40:54'),(83,3,83,'1989-01-18 23:06:46'),(84,4,84,'1993-10-20 01:00:40'),(85,5,85,'2010-06-20 09:54:24'),(86,6,86,'1984-02-27 15:58:32'),(87,7,87,'2014-10-13 15:17:51'),(88,8,88,'1973-04-17 00:34:54'),(89,9,89,'1976-03-15 15:59:30'),(90,10,90,'1983-12-25 06:39:58'),(91,11,91,'1983-05-26 08:05:54'),(92,12,92,'1976-08-24 21:41:23'),(93,13,93,'2017-03-13 02:34:10'),(94,14,94,'1975-03-19 11:02:07'),(95,15,95,'1978-05-06 03:32:40'),(98,18,98,'1992-08-28 05:40:05'),(99,19,99,'1980-02-18 02:06:23'),(100,20,100,'1973-04-25 22:19:18'),(101,21,1,'1979-05-06 16:23:20'),(102,22,2,'1983-04-25 22:41:40'),(103,23,3,'2002-12-17 06:30:05'),(106,26,6,'2016-02-09 21:18:25'),(107,27,7,'1977-09-08 00:07:29'),(108,28,8,'1975-06-25 03:48:30'),(110,30,10,'2000-07-28 13:09:32'),(111,31,11,'1970-01-15 12:15:33'),(112,32,12,'1978-10-01 09:35:03'),(113,33,13,'2020-04-04 21:50:24'),(114,34,14,'1971-04-15 14:49:39'),(118,38,18,'1983-10-27 18:09:42'),(119,39,19,'2007-02-16 09:13:19'),(120,40,20,'2018-04-25 13:22:41'),(121,1,21,'2001-04-03 03:03:40'),(122,2,22,'2006-08-27 06:43:10'),(124,4,24,'2016-08-21 07:22:49'),(125,5,25,'1985-01-21 11:22:22'),(126,6,26,'2014-05-02 05:40:58'),(127,7,27,'2018-06-27 06:01:46'),(129,9,29,'1974-04-01 04:43:02'),(130,10,30,'2008-07-16 05:00:24'),(131,11,31,'1980-08-17 13:26:47'),(132,12,32,'2002-05-23 11:18:22'),(133,13,33,'1994-02-16 17:03:53'),(134,14,34,'2004-06-17 12:04:56'),(137,17,37,'2019-12-31 10:04:19'),(138,18,38,'1979-10-03 21:57:12'),(139,19,39,'1999-05-18 15:45:09'),(141,21,41,'2004-01-01 06:13:46'),(142,22,42,'1989-12-27 16:31:29'),(144,24,44,'2019-10-25 08:53:09'),(145,25,45,'2020-07-08 04:32:57'),(146,26,46,'1996-10-16 04:55:52'),(147,27,47,'1970-12-17 22:08:17'),(149,29,49,'1994-05-25 04:38:43'),(150,30,50,'1994-04-22 00:17:35'),(151,31,51,'1980-03-24 16:53:27'),(152,32,52,'2011-10-22 07:54:53'),(153,33,53,'1978-04-16 16:24:39'),(156,36,56,'2001-03-01 14:34:08'),(157,37,57,'1993-12-17 05:00:47'),(158,38,58,'1982-11-08 22:35:07'),(161,1,61,'1976-07-14 15:10:38'),(162,2,62,'2001-12-30 06:03:00'),(163,3,63,'2001-09-17 14:16:07'),(166,6,66,'2010-12-26 23:56:39'),(167,7,67,'2009-05-28 16:02:24'),(169,9,69,'1977-12-09 06:22:50'),(170,10,70,'1979-10-30 05:14:09'),(171,11,71,'1997-03-29 14:36:46'),(172,12,72,'1978-04-22 15:41:35'),(173,13,73,'1990-04-25 03:15:51'),(174,14,74,'2001-11-04 19:38:19'),(175,15,75,'2001-12-09 01:30:04'),(176,16,76,'2009-02-21 15:27:37'),(179,19,79,'1970-03-24 16:29:32'),(180,20,80,'2003-09-02 01:39:03'),(182,22,82,'1996-08-19 15:12:53'),(183,23,83,'2014-02-27 05:50:13'),(184,24,84,'1980-03-01 12:35:58'),(191,31,91,'2009-12-06 02:53:05'),(192,32,92,'2009-03-05 01:59:23'),(193,33,93,'2019-08-20 16:55:44'),(194,34,94,'1994-02-16 12:12:20'),(195,35,95,'2006-01-18 07:52:53'),(198,38,98,'1997-03-15 20:13:56'),(200,40,100,'1970-11-19 08:17:40');
/*!40000 ALTER TABLE `likes` ENABLE KEYS */;
UNLOCK TABLES;

--
-- Table structure for table `media`
--

DROP TABLE IF EXISTS `media`;
/*!40101 SET @saved_cs_client     = @@character_set_client */;
/*!50503 SET character_set_client = utf8mb4 */;
CREATE TABLE `media` (
  `id` bigint unsigned NOT NULL AUTO_INCREMENT,
  `user_id` bigint unsigned NOT NULL,
  `body` text,
  `media_type_id` bigint unsigned DEFAULT NULL,
  `filename` varchar(255) DEFAULT NULL,
  `size` int DEFAULT NULL,
  `metadata` json DEFAULT NULL,
  `created_at` datetime DEFAULT CURRENT_TIMESTAMP,
  `updated_at` datetime DEFAULT CURRENT_TIMESTAMP ON UPDATE CURRENT_TIMESTAMP,
  PRIMARY KEY (`id`),
  UNIQUE KEY `id` (`id`),
  KEY `user_id` (`user_id`),
  KEY `media_type_id` (`media_type_id`),
  CONSTRAINT `media_ibfk_1` FOREIGN KEY (`user_id`) REFERENCES `users` (`id`),
  CONSTRAINT `media_ibfk_2` FOREIGN KEY (`media_type_id`) REFERENCES `media_types` (`id`) ON DELETE SET NULL ON UPDATE CASCADE
) ENGINE=InnoDB AUTO_INCREMENT=101 DEFAULT CHARSET=utf8mb4 COLLATE=utf8mb4_0900_ai_ci;
/*!40101 SET character_set_client = @saved_cs_client */;

--
-- Dumping data for table `media`
--

LOCK TABLES `media` WRITE;
/*!40000 ALTER TABLE `media` DISABLE KEYS */;
INSERT INTO `media` VALUES (1,1,'Inventore sint quo natus molestiae dolor. Optio voluptatem quas vel. Molestias aliquam ex accusantium occaecati repellat. Est nemo sunt tenetur rerum odio rerum et.',1,'qui',73,NULL,'1998-04-10 07:11:57','0000-00-00 00:00:00'),(2,2,'',2,'suscipit',30,NULL,'2011-08-11 06:17:00','0000-00-00 00:00:00'),(3,3,'',3,'nemo',61,NULL,'2012-12-05 04:50:36','0000-00-00 00:00:00'),(4,4,'',4,'ipsam',12,NULL,'2008-05-16 19:29:16','2000-08-24 17:10:45'),(5,5,'Voluptatem nobis molestiae ea commodi aliquid dolorum ut et. Repudiandae dolorem molestias doloremque unde ducimus qui et. Qui et sed molestiae ullam rerum. Natus et repellendus repellendus possimus ipsum. Minima aspernatur qui provident.',5,'perferendis',64,NULL,'1975-12-23 22:17:36','1993-08-06 18:33:09'),(6,6,'Rerum aut eaque qui enim dolores. Quia maiores minima eius esse quas et ducimus. Voluptas sed facilis accusamus quam aperiam ad.',1,'debitis',26,NULL,'1982-07-03 22:33:21','0000-00-00 00:00:00'),(7,7,'Optio dicta distinctio soluta dolores. Ex aut quaerat velit aut rerum.',2,'et',91,NULL,'2019-05-10 21:30:43','1985-01-15 21:06:59'),(8,8,'',3,'illum',58,NULL,'2014-03-06 16:02:04','0000-00-00 00:00:00'),(9,9,'Sit inventore laudantium voluptatem qui temporibus qui. Exercitationem iure earum nihil. Aperiam voluptatem repellat aliquid ea quia deleniti. Quia dicta odio et corrupti.',4,'beatae',88,NULL,'2006-12-14 06:57:08','0000-00-00 00:00:00'),(10,10,'Incidunt nulla dignissimos nihil sint voluptas veritatis. Qui provident a consectetur autem esse nisi. Exercitationem nesciunt soluta est libero eveniet quia. Repellat nulla sapiente quisquam.',5,'non',43,NULL,'2006-12-25 03:23:05','1985-08-02 04:58:58'),(11,11,'',1,'quos',17,NULL,'2014-03-22 05:23:36','0000-00-00 00:00:00'),(12,12,'',2,'maxime',4,NULL,'1991-03-07 11:37:54','0000-00-00 00:00:00'),(13,13,'Placeat voluptas accusantium magnam nesciunt et pariatur. Minus accusantium officia dignissimos. Aut neque labore vero.',3,'et',87,NULL,'1977-09-01 01:40:19','0000-00-00 00:00:00'),(14,14,'Illo facilis ut earum recusandae officia. Voluptas et eos voluptatum sunt laudantium doloribus similique itaque. Et voluptatem rem eaque magnam consectetur facilis nihil vero. Et et sint est animi non dolore quis temporibus.',4,'est',60,NULL,'2019-09-20 06:50:06','0000-00-00 00:00:00'),(15,15,'Possimus est consequuntur voluptatum earum mollitia. Quis quisquam neque sed molestiae dolores quibusdam corporis sunt. Est asperiores quia et consequatur velit.',5,'voluptatem',10,NULL,'1975-04-28 16:49:05','0000-00-00 00:00:00'),(16,16,'Voluptatum ut officiis provident. Quae incidunt dolorem pariatur est dolor sit iusto. Pariatur delectus est fugit mollitia ut.',1,'dicta',40,NULL,'1990-07-03 10:33:19','0000-00-00 00:00:00'),(17,17,'',2,'aut',45,NULL,'2003-08-18 04:10:29','0000-00-00 00:00:00'),(18,18,'',3,'sint',31,NULL,'1977-10-28 01:34:49','0000-00-00 00:00:00'),(19,19,'',4,'quis',53,NULL,'2014-05-02 21:27:09','0000-00-00 00:00:00'),(20,20,'',5,'laboriosam',9,NULL,'2008-09-13 15:23:26','2000-03-22 08:46:20'),(21,21,'Veniam vero beatae voluptas tenetur. Ipsum libero qui voluptates earum qui provident et. Aliquid eos consequuntur sed harum tempore est.',1,'eos',2,NULL,'2007-03-08 06:27:24','2012-03-11 04:18:16'),(22,22,'Ad itaque et repudiandae facere numquam accusantium. Explicabo magnam a occaecati et qui non. Et temporibus libero dolor nobis harum maiores. Nesciunt accusantium inventore nemo alias qui quam ducimus.',2,'voluptas',35,NULL,'1978-10-28 05:05:21','0000-00-00 00:00:00'),(23,23,'Sit ea quia tempore repudiandae ipsa. Et autem possimus fugit sint praesentium. Minima ipsa nisi aut ea ullam.',3,'commodi',89,NULL,'2011-02-20 13:41:42','1984-11-18 21:07:28'),(24,24,'',4,'est',18,NULL,'2005-06-20 00:28:32','0000-00-00 00:00:00'),(25,25,'',5,'voluptatem',90,NULL,'1977-10-30 17:07:27','2010-04-14 13:59:16'),(26,26,'',1,'laborum',97,NULL,'1999-08-02 07:37:19','0000-00-00 00:00:00'),(27,27,'',2,'blanditiis',76,NULL,'1996-06-06 09:09:48','2000-06-18 01:28:06'),(28,28,'Corrupti aut quam et corrupti voluptas omnis. Aut deserunt consequatur eum qui vitae autem. Assumenda similique nesciunt eum aut non qui.',3,'odio',12,NULL,'1999-07-22 20:37:21','0000-00-00 00:00:00'),(29,29,'',4,'et',65,NULL,'2011-12-04 09:39:10','0000-00-00 00:00:00'),(30,30,'',5,'nihil',90,NULL,'1972-02-07 13:38:14','2020-12-30 00:54:08'),(31,31,'',1,'et',86,NULL,'1989-07-10 05:28:29','0000-00-00 00:00:00'),(32,32,'',2,'eaque',19,NULL,'1971-06-19 09:41:54','1989-02-18 09:29:50'),(33,33,'Non nesciunt ab nihil velit necessitatibus molestias non. Et in et commodi eos ea. Quia ea iure vero libero. Modi sint suscipit iusto sit.',3,'dolorum',21,NULL,'2019-07-22 18:14:13','1992-12-14 01:19:20'),(34,34,'Autem et beatae minus et. Nulla animi ullam nesciunt sed. Et natus voluptatibus enim corrupti cupiditate quia.',4,'facilis',39,NULL,'1983-01-27 18:32:18','0000-00-00 00:00:00'),(35,35,'Non eos culpa et consequatur. Doloribus mollitia debitis hic incidunt est dolores. Quibusdam repellendus tenetur nihil impedit et aliquid error quaerat. Recusandae quo neque minus vel velit sit est.',5,'nihil',96,NULL,'1978-02-13 07:58:56','1980-03-12 23:39:17'),(36,36,'',1,'error',25,NULL,'2002-01-07 09:00:40','2000-08-29 07:51:43'),(37,37,'',2,'eum',63,NULL,'1991-01-13 13:41:50','1979-11-01 10:29:02'),(38,38,'Sed beatae debitis expedita molestiae. Dignissimos sapiente nulla nisi hic nemo. Et placeat blanditiis quia dolorum. Explicabo velit et voluptates assumenda ut ut.',3,'et',52,NULL,'1995-10-11 16:15:19','1976-07-25 12:43:32'),(39,39,'Eum ut et iste molestiae commodi vitae ab sit. Ut ut libero aspernatur iure. Libero explicabo nihil doloribus autem nihil.',4,'nulla',75,NULL,'2017-03-01 05:28:37','1976-09-20 05:13:25'),(40,40,'Consequuntur at provident at eum consequatur. Neque dolores qui enim saepe cupiditate aliquid vero. Non nihil laudantium ea consequatur. Sit placeat consequatur sint quisquam.',5,'quo',28,NULL,'2000-04-25 20:43:59','0000-00-00 00:00:00'),(41,1,'Pariatur blanditiis dolorem quia consequatur dolorem molestias. Perferendis sed vel enim aut. Consequatur debitis et vel modi.',1,'quo',73,NULL,'1983-03-23 11:04:31','1994-03-11 16:28:46'),(42,2,'Est voluptatem occaecati dolor recusandae. Inventore in architecto modi aut nisi. Maiores ducimus quibusdam vel voluptatum. Dolore amet et et tempore esse animi non consequuntur.',2,'quos',26,NULL,'1971-11-09 16:10:12','2018-01-10 10:17:39'),(43,3,'',3,'et',56,NULL,'1997-03-09 13:33:34','2007-12-03 12:51:59'),(44,4,'Sit labore vel beatae molestiae ut consequatur. Cum voluptatem ullam voluptates occaecati.',4,'facilis',9,NULL,'2010-11-21 06:07:04','0000-00-00 00:00:00'),(45,5,'Voluptatem atque autem saepe. Distinctio voluptatem saepe omnis asperiores. Eaque molestias tenetur ea ratione sed. Ea dolores dolore voluptate nostrum aut consectetur.',5,'optio',48,NULL,'2010-08-06 15:30:46','0000-00-00 00:00:00'),(46,6,'Consectetur voluptas alias officiis dolorem laboriosam. Ut iure ea officiis. Quia eos dolore voluptas officia.',1,'rerum',51,NULL,'1995-08-31 20:54:19','0000-00-00 00:00:00'),(47,7,'Et hic aut earum dolor. Temporibus mollitia esse sed quidem voluptatum. Nostrum accusantium voluptate necessitatibus et repellendus amet doloremque dicta.',2,'aut',66,NULL,'1996-12-01 06:54:48','0000-00-00 00:00:00'),(48,8,'',3,'qui',72,NULL,'1987-06-16 20:55:31','0000-00-00 00:00:00'),(49,9,'',4,'ducimus',61,NULL,'1972-11-04 04:57:12','2016-02-15 12:55:18'),(50,10,'Voluptas quisquam accusantium reprehenderit adipisci sint. Expedita incidunt repellat possimus quas esse. Enim porro architecto sint nesciunt ullam eos.',5,'in',43,NULL,'1976-09-18 21:37:47','2012-11-28 09:53:31'),(51,11,'Aut tempore vero eaque. Quisquam qui exercitationem ut consequatur minus est. Quia non et optio.',1,'animi',68,NULL,'2019-11-17 04:55:14','1993-12-16 05:42:38'),(52,12,'',2,'repellat',55,NULL,'2007-03-25 09:25:01','0000-00-00 00:00:00'),(53,13,'Soluta numquam repellat et ullam sapiente recusandae. Debitis iure voluptatem fugiat enim. Laudantium est deserunt perspiciatis nulla et eius quisquam. Et enim similique est dolore.',3,'nihil',23,NULL,'2009-11-19 02:01:09','0000-00-00 00:00:00'),(54,14,'',4,'vel',82,NULL,'1970-10-10 00:20:23','0000-00-00 00:00:00'),(55,15,'',5,'culpa',2,NULL,'1990-08-24 20:48:55','1982-08-30 06:41:49'),(56,16,'',1,'quia',96,NULL,'2008-11-06 14:21:37','0000-00-00 00:00:00'),(57,17,'Iure voluptatem quis corporis quam porro veritatis. Recusandae quasi soluta et nostrum fuga.',2,'amet',3,NULL,'1973-10-22 01:33:43','2017-12-06 12:15:14'),(58,18,'Deleniti qui est voluptates perferendis. Sed excepturi suscipit et ea voluptatibus quia rerum. Quia aut et necessitatibus iste doloribus molestias vel. Et quo fugit occaecati. Dolorum cupiditate aperiam facere dolores quibusdam.',3,'sit',73,NULL,'1985-11-22 03:33:12','1984-08-11 21:09:16'),(59,19,'',4,'similique',11,NULL,'1979-03-12 14:10:38','1995-01-30 21:41:10'),(60,20,'Quia repudiandae non laudantium qui consequatur tenetur ad laboriosam. In ut earum eos impedit necessitatibus voluptas. Id voluptates officiis ad veritatis excepturi ut corrupti. Voluptatum modi ea libero ut porro enim.',5,'optio',36,NULL,'2004-02-27 04:45:18','2005-03-16 09:28:00'),(61,21,'Voluptatem qui culpa officia rem et vitae minus. Dolor ut omnis aut atque ut officiis. Facere aliquam laudantium sed mollitia est deleniti ducimus. Vero ex et rerum autem et qui.',1,'quasi',61,NULL,'1972-09-18 23:18:58','1986-08-23 04:00:24'),(62,22,'',2,'ipsam',22,NULL,'2018-01-26 22:49:50','0000-00-00 00:00:00'),(63,23,'',3,'aut',4,NULL,'1975-11-04 10:16:44','0000-00-00 00:00:00'),(64,24,'',4,'quia',3,NULL,'2007-02-06 18:19:32','2007-10-24 15:35:07'),(65,25,'',5,'est',16,NULL,'1971-11-09 22:08:20','0000-00-00 00:00:00'),(66,26,'',1,'dolorem',16,NULL,'1993-04-03 22:25:02','0000-00-00 00:00:00'),(67,27,'',2,'itaque',44,NULL,'1985-07-03 07:36:55','0000-00-00 00:00:00'),(68,28,'',3,'possimus',67,NULL,'1979-09-22 13:52:01','1988-05-29 02:50:39'),(69,29,'Fugiat voluptas sed sit ut architecto sit ut deserunt. Error libero laborum quia qui ad adipisci dolorem.',4,'tempora',6,NULL,'1981-01-22 07:08:37','0000-00-00 00:00:00'),(70,30,'Debitis repellat sint corrupti dolores ut enim. Qui dolor est dolor omnis et. Minima voluptas repellendus accusamus laudantium et.',5,'iusto',19,NULL,'1987-12-20 08:41:56','1985-03-27 12:06:03'),(71,31,'',1,'sunt',71,NULL,'1988-09-12 03:00:24','0000-00-00 00:00:00'),(72,32,'',2,'sit',16,NULL,'2007-10-23 11:42:45','0000-00-00 00:00:00'),(73,33,'',3,'sit',49,NULL,'2019-07-20 02:40:01','1991-01-10 17:16:26'),(74,34,'',4,'facere',41,NULL,'2005-08-24 19:55:07','1990-04-12 05:18:56'),(75,35,'Ut quo voluptas sed veritatis. Quia officiis unde corporis. Rerum minima error itaque impedit sit expedita. Rerum nobis debitis nulla cumque.',5,'quas',83,NULL,'1974-07-25 13:23:03','0000-00-00 00:00:00'),(76,36,'',1,'quidem',48,NULL,'1979-06-14 00:23:31','1979-01-24 08:20:27'),(77,37,'Ut sit doloribus et reiciendis pariatur dolor sed. Possimus dolorem molestias natus et sit veniam reprehenderit.',2,'qui',96,NULL,'1988-10-23 17:41:59','0000-00-00 00:00:00'),(78,38,'Odio id tenetur qui est delectus sed. Odit numquam eum tempore rerum suscipit nam ipsa magnam. Deleniti tenetur eum nemo qui facilis quis in. Ea quos optio eligendi nostrum error. Quis sed ab neque eum aut beatae.',3,'sed',16,NULL,'1982-01-31 19:29:07','1990-12-08 14:05:08'),(79,39,'Repudiandae sapiente animi omnis dolor et. Molestiae neque nesciunt quisquam nisi inventore iure iusto. Quo ut pariatur est sed atque est.',4,'eos',77,NULL,'1975-02-17 20:59:34','1999-01-28 23:58:33'),(80,40,'',5,'sit',16,NULL,'2020-02-10 03:40:24','1985-02-10 20:40:27'),(81,1,'',1,'non',93,NULL,'2020-12-22 06:39:54','0000-00-00 00:00:00'),(82,2,'Enim eum debitis suscipit rerum. Sed est odio deleniti non temporibus. Distinctio hic occaecati laboriosam aut voluptate deserunt.',2,'repellat',18,NULL,'1992-02-10 10:17:39','1995-01-23 12:48:44'),(83,3,'Consequatur recusandae saepe quidem praesentium et adipisci. Nesciunt iusto omnis ut ut. Porro exercitationem dicta aut perferendis. Aut voluptatum illo sequi sint at qui rem.',3,'omnis',13,NULL,'2010-05-16 15:49:13','1997-05-20 00:33:05'),(84,4,'Voluptate consectetur voluptas voluptatum asperiores voluptatem. Dignissimos pariatur ipsa corporis eos ad et. Aut similique distinctio quia et.',4,'ducimus',94,NULL,'1997-06-08 00:11:15','0000-00-00 00:00:00'),(85,5,'',5,'odio',24,NULL,'1983-06-27 12:52:12','2019-03-06 20:47:41'),(86,6,'',1,'quia',28,NULL,'2000-01-18 11:06:47','2001-08-06 18:04:06'),(87,7,'In voluptatibus velit id velit illum. In voluptatem voluptas voluptas vitae ea. Ex quia praesentium culpa natus consequatur vel. Eius commodi quod beatae ullam mollitia voluptas.',2,'aut',43,NULL,'2006-03-12 18:47:02','1979-07-08 21:17:13'),(88,8,'',3,'illo',76,NULL,'2014-11-02 12:57:23','0000-00-00 00:00:00'),(89,9,'',4,'ea',84,NULL,'2013-03-31 07:09:15','1975-04-09 08:30:16'),(90,10,'',5,'ut',54,NULL,'1989-10-09 21:15:22','0000-00-00 00:00:00'),(91,11,'Hic doloremque provident magnam perferendis alias. In id velit ut consequatur aliquid et. Dolor dolores repellendus non sit et doloribus ipsam. Cumque qui vel sed deserunt.',1,'qui',79,NULL,'2020-10-01 05:44:16','1970-08-10 22:07:15'),(92,12,'Ut placeat deserunt suscipit officiis alias et. Blanditiis veritatis cum nam sed voluptate. Quibusdam sunt et fugiat quia optio ipsam. Qui aut qui hic dolorem laudantium.',2,'similique',15,NULL,'1984-10-20 09:37:43','0000-00-00 00:00:00'),(93,13,'',3,'voluptatem',49,NULL,'1996-12-09 01:55:34','1991-06-26 21:00:26'),(94,14,'',4,'provident',87,NULL,'1976-03-10 23:34:39','0000-00-00 00:00:00'),(95,15,'Rerum veniam reprehenderit facilis quia a omnis ex. Aut cum iste consequatur sed recusandae ad aut. Facilis voluptas est aut.',5,'laudantium',81,NULL,'2017-02-16 02:25:31','0000-00-00 00:00:00'),(96,16,'Id voluptatem excepturi quam nobis et. Fuga et rerum odio minima rerum omnis cum. Voluptatem ducimus voluptate tenetur non laborum. Adipisci modi et et deserunt.',1,'a',54,NULL,'1991-04-22 14:54:55','0000-00-00 00:00:00'),(97,17,'',2,'earum',35,NULL,'2013-08-16 05:06:03','1971-07-26 21:41:14'),(98,18,'',3,'ad',33,NULL,'2011-07-15 06:20:45','0000-00-00 00:00:00'),(99,19,'',4,'voluptas',97,NULL,'1992-10-16 01:23:12','0000-00-00 00:00:00'),(100,20,'',5,'voluptas',87,NULL,'2000-05-24 04:22:17','1979-07-19 03:33:18');
/*!40000 ALTER TABLE `media` ENABLE KEYS */;
UNLOCK TABLES;

--
-- Table structure for table `media_types`
--

DROP TABLE IF EXISTS `media_types`;
/*!40101 SET @saved_cs_client     = @@character_set_client */;
/*!50503 SET character_set_client = utf8mb4 */;
CREATE TABLE `media_types` (
  `id` bigint unsigned NOT NULL AUTO_INCREMENT,
  `name` varchar(255) DEFAULT NULL,
  `created_at` datetime DEFAULT CURRENT_TIMESTAMP,
  `updated_at` datetime DEFAULT CURRENT_TIMESTAMP ON UPDATE CURRENT_TIMESTAMP,
  PRIMARY KEY (`id`),
  UNIQUE KEY `id` (`id`)
) ENGINE=InnoDB AUTO_INCREMENT=6 DEFAULT CHARSET=utf8mb4 COLLATE=utf8mb4_0900_ai_ci;
/*!40101 SET character_set_client = @saved_cs_client */;

--
-- Dumping data for table `media_types`
--

LOCK TABLES `media_types` WRITE;
/*!40000 ALTER TABLE `media_types` DISABLE KEYS */;
INSERT INTO `media_types` VALUES (1,'audio','2008-03-24 18:27:11','1993-01-21 17:57:11'),(2,'animation','1996-11-05 15:37:23','1978-01-26 11:13:10'),(3,'picture','2019-02-14 07:44:00','1971-09-14 21:41:51'),(4,'video','2010-08-26 15:23:16','1999-08-16 18:52:34'),(5,'file','2011-10-12 08:12:40','1979-07-19 08:57:50');
/*!40000 ALTER TABLE `media_types` ENABLE KEYS */;
UNLOCK TABLES;

--
-- Table structure for table `messages`
--

DROP TABLE IF EXISTS `messages`;
/*!40101 SET @saved_cs_client     = @@character_set_client */;
/*!50503 SET character_set_client = utf8mb4 */;
CREATE TABLE `messages` (
  `id` bigint unsigned NOT NULL AUTO_INCREMENT,
  `from_user_id` bigint unsigned NOT NULL,
  `to_user_id` bigint unsigned NOT NULL,
  `body` text,
  `created_at` datetime DEFAULT CURRENT_TIMESTAMP,
  PRIMARY KEY (`id`),
  UNIQUE KEY `id` (`id`),
  KEY `from_user_id` (`from_user_id`),
  KEY `to_user_id` (`to_user_id`),
  CONSTRAINT `messages_ibfk_1` FOREIGN KEY (`from_user_id`) REFERENCES `users` (`id`) ON DELETE CASCADE ON UPDATE CASCADE,
  CONSTRAINT `messages_ibfk_2` FOREIGN KEY (`to_user_id`) REFERENCES `users` (`id`) ON DELETE CASCADE ON UPDATE CASCADE
) ENGINE=InnoDB AUTO_INCREMENT=202 DEFAULT CHARSET=utf8mb4 COLLATE=utf8mb4_0900_ai_ci;
/*!40101 SET character_set_client = @saved_cs_client */;

--
-- Dumping data for table `messages`
--

LOCK TABLES `messages` WRITE;
/*!40000 ALTER TABLE `messages` DISABLE KEYS */;
USE vk;
INSERT INTO `messages`
VALUES (1, 4, 32,
        'Rerum officia voluptas molestias voluptas rem eos autem sunt. Consequatur in et in accusantium reiciendis. Rem qui quis debitis sint necessitatibus natus ex iste. Dolorum suscipit inventore provident rerum voluptas distinctio.',
        '1983-10-07 22:11:03'),
       (2, 38, 34,
        'Assumenda ipsum accusamus perspiciatis et vel quia. Beatae voluptas eaque sed fuga nihil ipsa soluta. Natus corrupti in nihil est ut qui. Cupiditate eum et recusandae quis quis quo.',
        '2018-08-15 21:43:59'),
       (3, 7, 15,
        'Aut et a in ut assumenda repudiandae. Sed consectetur totam corporis id dignissimos voluptas non. Totam et vero quam pariatur. Iusto illo qui aut itaque.',
        '2000-03-04 18:03:07'),
       (4, 31, 15,
        'Sit atque eum aspernatur unde. Illum voluptas sequi libero incidunt. Est sunt consequatur voluptas quasi dicta. Molestias deleniti ut sed quod rerum vitae in.',
        '1987-12-19 07:37:24'),
       (5, 26, 27,
        'Adipisci sed quis est dolorem neque quo. Voluptatem et repudiandae et rem voluptas. Et eaque et recusandae.',
        '1993-03-06 00:51:35'),
       (6, 21, 21,
        'Minima ut praesentium et est molestiae et consequatur. Magni aliquid et dolorem assumenda optio inventore. Voluptas vitae placeat quibusdam sint hic dicta iure et.',
        '2000-01-24 20:45:13'),
       (7, 28, 3,
        'Et optio rerum dolores placeat dolorem assumenda. Dolore sit laudantium aperiam ut nam. Aut et amet qui ea est quia. Repudiandae non perspiciatis velit quisquam autem eos enim.',
        '1988-01-01 16:35:56'),
       (8, 3, 34,
        'Et itaque qui et dolorum eaque in recusandae. Quasi vero aut modi voluptatem aut. Asperiores expedita debitis qui modi voluptates. Ipsum necessitatibus qui quo error suscipit magni voluptas.',
        '1979-12-14 20:30:04'),
       (9, 14, 28,
        'Doloremque vel recusandae et laboriosam eos. Et et sequi omnis reiciendis dolor. Voluptatem veniam odit unde occaecati tempore. Sint vero a sed sapiente molestiae.',
        '1986-03-01 13:55:20'),
       (10, 17, 2,
        'Ut aut est sit ut ut. Harum qui eaque dolore sunt illo vero quaerat. Dolorem veniam excepturi aut accusamus.',
        '2005-11-06 06:16:39'),
       (11, 19, 22,
        'Voluptatem temporibus quidem eius sed. Distinctio aperiam qui corporis. Officia quam nihil dolorem quia dolor vitae et. Voluptas vero nisi voluptatem ut dolorum quo aut consequatur.',
        '1982-12-09 08:33:39'),
       (12, 16, 29,
        'Est ea sapiente autem dolor eos delectus magni. Eaque a aut voluptatibus voluptatem non nihil aut. Ratione eius assumenda ab quo magni.',
        '1978-01-31 07:52:20'),
       (13, 3, 18,
        'Necessitatibus enim libero aspernatur debitis est perspiciatis perferendis. Consectetur sit quis atque nisi expedita sunt amet. Molestiae qui officiis vero rerum dicta ipsam.',
        '1996-11-12 18:26:11'),
       (14, 16, 30,
        'Explicabo labore aspernatur velit quia perspiciatis dolores quos. Quis ea odit modi omnis quae culpa magnam. Et adipisci velit magni architecto sed. Perferendis in praesentium facere.',
        '2005-07-24 21:55:12'),
       (15, 39, 25, 'Optio non in eum non. Aspernatur et fugit et unde sit.', '1971-12-31 17:36:06'),
       (16, 10, 21,
        'Officia cum sed error voluptatem quidem et. Eveniet eum fugit et tenetur voluptas aut. Et placeat repellat ad minus odit a doloribus quia. Placeat necessitatibus eum similique accusamus quidem.',
        '2003-02-02 18:01:09'),
       (17, 33, 10,
        'Reprehenderit qui voluptatem ducimus soluta. Expedita nemo ut in. Et unde a odit ipsum. Velit itaque incidunt sit dolores qui dolorem saepe nam. Necessitatibus adipisci animi sit deleniti qui soluta excepturi.',
        '2010-06-03 22:20:04'),
       (18, 29, 36,
        'Ducimus laboriosam quo ratione suscipit reiciendis facere aut dolorum. Officia reiciendis expedita quia. Repellat est alias repudiandae culpa et magnam.',
        '1996-09-02 11:02:19'),
       (19, 12, 36,
        'Inventore ut sequi aliquam eos culpa quae sed sed. Est placeat autem vitae sit dolor. Qui dolor dolores dolore ipsum. Laborum et iusto rerum.',
        '1990-02-18 03:30:34'),
       (20, 32, 19,
        'Debitis laboriosam incidunt molestiae aut eum laboriosam. Enim ratione exercitationem ea neque labore omnis. Et iure porro doloremque incidunt voluptate ab. Occaecati dignissimos neque eum architecto.',
        '1981-11-14 15:24:39'),
       (21, 15, 37,
        'Quisquam est odio aut accusantium et consequatur. Unde laudantium sint et commodi inventore temporibus. Fuga reprehenderit ullam dicta nulla quas. Libero voluptatibus explicabo ipsum repudiandae.',
        '1985-05-13 15:37:39'),
       (22, 30, 24,
        'Placeat unde molestias dolorem ut. Earum veritatis est quis non et ab voluptas. Perspiciatis ipsa at laudantium et. Mollitia suscipit temporibus molestiae vel.',
        '2007-05-14 12:06:42'),
       (23, 30, 12,
        'Ut et eligendi aut amet quod dolores est. Ut repellat et non nesciunt architecto. Quia error eos et velit modi aliquid et. Excepturi maxime cupiditate voluptate rem harum esse.',
        '2007-11-21 20:28:03'),
       (24, 39, 38,
        'Delectus odio velit enim ipsum provident assumenda excepturi architecto. Accusamus eius ut voluptatem illo delectus nihil tenetur. Pariatur minus porro est dolorem totam laboriosam voluptatum. Dolorem rerum aliquam nisi labore id nihil officia.',
        '1987-11-13 12:16:05'),
       (25, 11, 2,
        'Animi ipsum quam repellendus tempore ut dolor odit. Id tenetur quis deserunt tempore reprehenderit. Error ratione molestiae tempore ab dicta.',
        '2000-10-22 14:25:51'),
       (26, 8, 15,
        'Consequatur culpa nostrum velit cupiditate corporis eum. Rerum qui est qui. Quae facere sint optio possimus. Et et sint ut quia quaerat dolorum.',
        '1994-09-29 23:16:09'),
       (27, 7, 9,
        'Tempore quam repellendus praesentium deleniti quia quibusdam. Voluptatibus ipsam esse excepturi tenetur. Dignissimos doloremque eaque sapiente nisi autem.',
        '1991-11-22 05:37:53'),
       (28, 7, 21,
        'Sed aut dolorum repellat et corporis ipsum ut. Ut nobis officiis totam aliquam porro. Consequuntur non ad fugit et commodi. Dolor dolores iusto impedit.',
        '2015-10-28 20:25:07'),
       (29, 34, 11,
        'Vel accusantium porro accusamus illum. Commodi tempore rem dolor dicta et voluptatibus totam. Explicabo explicabo error fuga. Nam quibusdam dolorum at consequuntur id distinctio.',
        '1981-05-18 13:36:07'),
       (30, 40, 40,
        'Quisquam qui quod deserunt dolorem. Soluta inventore ea velit. Sint velit ad voluptate quo amet. Dicta alias ab ea maiores occaecati consequatur cumque.',
        '2010-04-03 05:29:33'),
       (31, 21, 40,
        'Autem qui quo repudiandae fugit temporibus quo. Et rerum quos magnam error consequuntur. Est voluptas adipisci vel qui minima est. Accusantium officiis reprehenderit est distinctio minus quod tenetur.',
        '2007-09-10 22:04:02'),
       (32, 35, 26,
        'Suscipit ut porro ut placeat molestiae pariatur architecto. Rerum atque assumenda recusandae. Ducimus aut et nam consectetur animi est quaerat.',
        '1973-10-09 23:19:23'),
       (33, 16, 38,
        'Facere sunt qui qui suscipit provident ut aliquid. Voluptatem aliquid nam eligendi. Rerum esse sint distinctio neque nemo.',
        '1982-12-02 17:52:56'),
       (34, 24, 13,
        'Sed aut saepe necessitatibus incidunt. Nihil molestias ipsam modi velit. Tenetur laborum consectetur perferendis molestiae. Accusamus consequuntur eos ut ipsam.',
        '2000-07-31 06:25:46'),
       (35, 24, 24,
        'Et sed voluptate et nesciunt eaque voluptas autem. Adipisci fuga dignissimos aut et occaecati minima est. Quis tenetur quibusdam vitae dolorum.',
        '2001-08-20 18:08:02'),
       (36, 32, 19,
        'Aut corporis aspernatur numquam pariatur. Ut molestiae nulla maxime consequuntur consequatur qui. Consequatur iusto quis sit sed et animi dolorum. Tempore odit libero nisi.',
        '2009-09-24 16:57:42'),
       (37, 22, 33,
        'Provident dolorem ut voluptatem ducimus voluptatem fugit. Non voluptatum minima et error quod voluptatem deserunt. Perspiciatis vero doloribus non et dolorem dolorum quos. Quo dicta at totam aut.',
        '2017-05-06 06:55:29'),
       (38, 24, 2,
        'Nesciunt sed facere autem voluptas. Est maxime unde id adipisci sit. Culpa nam est sit nihil eum blanditiis.',
        '1970-04-25 21:31:01'),
       (39, 39, 7,
        'Totam non non rem est culpa autem. Corrupti corrupti laboriosam provident distinctio omnis. Voluptatem cupiditate est dignissimos qui.',
        '1997-07-19 10:11:46'),
       (40, 27, 12,
        'Reprehenderit adipisci aut aperiam non a eum. Sapiente libero nostrum qui sunt. Quibusdam magnam nam sit ut. Mollitia rerum rerum quidem.',
        '2020-10-01 04:13:31'),
       (41, 31, 25,
        'Numquam consectetur eaque dolor voluptas et optio voluptates. Debitis rerum exercitationem deleniti autem quam quia ducimus. Molestias repellat rem laudantium odio.',
        '1977-07-25 04:30:27'),
       (42, 30, 4,
        'Ipsa voluptatem laborum doloribus rerum rerum libero architecto. Dolore eum rerum nesciunt amet. Velit recusandae et voluptas molestiae. Et beatae eos tempora qui eum dolores voluptatibus.',
        '1989-11-01 16:08:01'),
       (43, 40, 26,
        'Soluta in odit eligendi rerum dolor laudantium quos. Natus vel autem incidunt quia enim qui ut. Laborum vel quae pariatur voluptatem et natus.',
        '1993-05-30 14:57:53'),
       (44, 24, 28,
        'Nemo tenetur debitis et asperiores tempora ut dicta. Modi vel nihil rerum quos. Aliquam officiis quaerat suscipit ratione.',
        '1976-11-04 12:18:15'),
       (45, 17, 33,
        'Sint et assumenda dolor officiis excepturi. Rerum corporis ut facere reprehenderit. Et voluptatum enim vel modi voluptas cupiditate. Deserunt ipsa eum est aut aliquid ut.',
        '1993-09-30 19:08:43'),
       (46, 23, 18, 'Architecto quis quo nemo nihil qui saepe est quia. Dolores accusamus iusto eaque.',
        '1983-03-20 08:00:21'),
       (47, 31, 20,
        'Qui voluptatem saepe tempore temporibus voluptas est. Laboriosam dolorem natus expedita accusamus odio autem excepturi eveniet. Et nobis ea quibusdam qui accusantium.',
        '2002-04-18 19:41:58'),
       (48, 12, 15, 'In tenetur eos ipsum. Deserunt est ex voluptatibus neque explicabo.', '2017-01-26 07:05:21'),
       (49, 11, 33,
        'Quos autem aut mollitia alias quos. Quam veritatis hic quisquam. Non rerum sint atque unde corrupti quod harum. Et ab ex aut sint.',
        '1973-08-16 01:52:57'),
       (50, 6, 40,
        'Quo qui quis maxime voluptatum exercitationem repellendus. Maiores consequuntur vel asperiores officiis ut cum dignissimos. Tempore enim autem unde repellendus sit ut exercitationem. Ut id culpa vel qui iure qui molestiae.',
        '2002-12-08 06:14:50'),
       (51, 6, 7,
        'Dolor nihil in eaque dolores. Quisquam voluptatem dolorem minus. Qui quidem a porro eaque debitis ipsa. Beatae modi aspernatur incidunt qui eum qui.',
        '2004-04-24 06:22:00'),
       (52, 33, 37,
        'Pariatur quae quam voluptatem natus rerum et assumenda similique. Explicabo ut repellendus est impedit. Omnis impedit earum saepe quidem non sit provident.',
        '1987-02-19 11:58:13'),
       (53, 25, 30,
        'Est nostrum sint et molestias occaecati dolor laudantium. Recusandae ipsam quisquam eum dignissimos illum magni natus aperiam. Sapiente et maiores nulla velit id.',
        '1980-09-23 13:30:54'),
       (54, 20, 23, 'Maxime sequi aspernatur et quia. Eveniet qui officia ipsam vel.', '1974-09-17 14:00:55'),
       (55, 8, 16,
        'Consequuntur id sit excepturi voluptatem voluptatibus ullam inventore. Temporibus magni voluptas laudantium et et voluptatibus hic. Voluptatum optio dignissimos iusto pariatur.',
        '2004-04-20 16:50:22'),
       (56, 30, 12,
        'Sunt exercitationem amet saepe mollitia repudiandae distinctio illo. Repellendus dolores quae ratione voluptas inventore. Qui sed sunt ipsum consequatur. Et at hic et quisquam id aut aut.',
        '2013-02-24 02:45:59'),
       (57, 12, 28, 'Molestiae dignissimos accusamus nemo occaecati. Quia sunt nam iure mollitia adipisci sit ut.',
        '1994-01-21 14:30:24'),
       (58, 38, 12,
        'Molestias iste sed dolorum autem quia alias. Et ex est quaerat ipsum. Reprehenderit dolorem quis nobis alias eos.',
        '2008-07-18 00:06:43'),
       (59, 7, 3, 'Consequatur aut sed et. Maxime illum qui quae laudantium autem distinctio.', '1971-03-18 22:17:20'),
       (60, 17, 4,
        'Est quia voluptatum sed est omnis quam sed. Delectus quas mollitia magnam officiis corporis ipsum libero. Quas iure fugit minima beatae nesciunt eum.',
        '1997-12-22 00:25:36'),
       (61, 18, 4,
        'Deserunt cumque consequatur est qui. Iusto dolorem nihil a mollitia sed magnam. Pariatur eos iure totam aspernatur veritatis quis possimus.',
        '1977-07-24 09:03:49'),
       (62, 10, 28,
        'Velit cupiditate deleniti atque quidem. Placeat voluptatem at voluptas id asperiores et fugiat. Placeat incidunt dolores error maiores ea beatae ut.',
        '1971-02-13 06:58:52'),
       (63, 10, 12,
        'Cupiditate veritatis suscipit ea culpa ea perspiciatis. Perferendis iure aliquid sit praesentium. Dolorem ratione delectus cumque velit.',
        '1989-11-24 01:56:41'),
       (64, 24, 28,
        'Dolorum fugiat quod quis qui aut animi dolore. Quia qui ullam similique. Velit fugiat voluptas quam ea cum expedita consequatur. Animi a molestiae ut non mollitia occaecati.',
        '2015-04-16 02:02:13'),
       (65, 25, 7,
        'Natus impedit asperiores vel dolore veniam eius. Impedit et ut voluptatem officia nobis. In sit nesciunt itaque sit quidem tenetur sed.',
        '1997-04-04 23:32:56'),
       (66, 28, 40,
        'Rem nihil et rem aspernatur perspiciatis consequuntur. Numquam minima autem magnam vel occaecati sunt tenetur maxime. Non optio repellat laborum.',
        '1972-08-22 06:42:07'),
       (67, 4, 2, 'Accusamus eligendi quisquam dolorem quod ratione. Labore quibusdam quia tempore molestias sint.',
        '2011-08-03 13:54:27'),
       (68, 11, 36,
        'Quam rerum et vitae fugiat. Minus eius laboriosam quisquam nihil. Eligendi sed accusantium numquam provident rem ipsa. Vero amet voluptatem cumque.',
        '2014-07-28 17:16:49'),
       (69, 11, 28,
        'Quo incidunt aliquam quas et saepe eius. Impedit id rerum maxime praesentium mollitia quasi rerum. Et aliquam sit voluptate facere aut qui. Consequatur exercitationem qui eum non rerum placeat a. Provident aut provident et et et sint.',
        '2012-06-27 09:58:41'),
       (70, 27, 39,
        'Sed magni doloremque totam maiores. Totam nobis quo ab voluptas perspiciatis pariatur rerum repellendus. Consequatur quam quam cumque.',
        '2005-02-21 12:20:33'),
       (71, 32, 27,
        'Eius aut voluptates molestiae tempora. Dolor aperiam sint corrupti consequatur sunt. Dicta quod voluptas magnam sapiente laborum nisi illum. Reprehenderit ullam voluptatibus occaecati eos exercitationem quod aut non.',
        '1981-03-12 10:32:20'),
       (72, 12, 20,
        'In voluptas in consequatur vero commodi. Ad qui architecto nihil consequatur. Sint nobis error nam iusto.',
        '2009-08-20 13:30:44'),
       (73, 36, 16, 'Nisi rem et nobis et fugiat quae. Eum rerum ea laudantium accusantium est.',
        '1994-11-15 09:01:06'),
       (74, 2, 13,
        'Explicabo eum enim sit quam. Quos suscipit est amet nisi non iusto eaque. Dolores velit modi voluptates distinctio natus. Odit et atque exercitationem excepturi doloribus temporibus.',
        '2013-11-01 16:34:15'),
       (75, 22, 36,
        'Blanditiis occaecati sit laborum perspiciatis nisi vitae. Id consectetur reprehenderit qui vel velit odio doloremque. Quo ad facilis repellendus tempore qui sed animi.',
        '1985-02-17 23:22:57'),
       (76, 33, 5, 'Dolorem animi omnis totam minima fugit animi. Similique cumque ullam facilis nisi est ex.',
        '1983-05-14 15:18:17'),
       (77, 2, 19,
        'Itaque sit non dolor. Quo vel commodi nisi aut sed non a dolor. Occaecati quae illum nihil maxime. Nisi aut alias doloribus asperiores.',
        '1980-11-08 16:43:53'),
       (78, 13, 10,
        'Quidem quis iure nihil explicabo. Eos et iste quasi necessitatibus voluptatem commodi. Id repellat ut sapiente non tempore rem exercitationem.',
        '1991-01-22 11:40:09'),
       (79, 36, 22,
        'Eius omnis nobis omnis. Recusandae dolor et inventore quos non provident dicta. Et non iure dolor eaque harum voluptate. Error enim amet omnis aut aut voluptatibus.',
        '1989-12-06 04:51:34'),
       (80, 30, 32,
        'Autem qui eveniet enim ut dolores. Enim laudantium vel voluptatibus quae. Enim molestiae rerum natus nihil.',
        '1973-08-29 00:45:20'),
       (81, 4, 2,
        'Aperiam impedit sunt quis sunt quam. Et est quis et omnis quis soluta consequatur illum. Atque amet accusantium aliquam pariatur aliquid voluptatem.',
        '1986-04-16 19:57:02'),
       (82, 26, 29,
        'Optio nemo in aperiam provident corporis iure nobis. Deleniti qui dolorum est. Quasi voluptas autem velit dolor eius. Velit quia est fugiat eligendi cum id.',
        '1983-03-22 13:44:33'),
       (83, 38, 2,
        'Neque corrupti sunt esse ea fugiat hic id. Distinctio enim deserunt laudantium a. Itaque dicta eligendi deleniti. Nihil eos sapiente est nesciunt perferendis at. Ratione non beatae et impedit.',
        '2008-11-10 18:02:07'),
       (84, 30, 7,
        'Voluptas in accusantium ducimus. Earum rerum fugit earum necessitatibus laborum. Et aut quasi tenetur architecto cupiditate necessitatibus. Aut et aperiam quisquam rerum pariatur rerum eaque.',
        '1979-04-30 07:27:23'),
       (85, 4, 4,
        'Sint corrupti aut facilis pariatur dolorem doloremque et. Quisquam nesciunt earum aut quo vel. Nostrum quae rerum vel beatae sunt porro enim eos.',
        '2008-04-16 18:38:46'),
       (86, 22, 26, 'Cupiditate necessitatibus repellat quo. Et rerum dolores saepe ut mollitia enim aut.',
        '1978-06-02 21:54:02'),
       (87, 30, 39,
        'Fugit magni beatae laborum totam et optio. Et recusandae assumenda eos. Placeat neque cumque id vel omnis.',
        '1983-07-05 11:56:46'),
       (88, 32, 36, 'Error magni excepturi velit nihil recusandae. Aut fugit dolorem numquam tempore dolores.',
        '2015-10-12 22:25:13'),
       (89, 5, 28,
        'Voluptatem laboriosam dolor explicabo itaque libero sint. Non architecto ab sit porro temporibus laborum. Dolores alias perferendis et officia. Consequatur eius est animi.',
        '1994-12-20 23:09:53'),
       (90, 4, 19,
        'Officiis perferendis ut voluptas sint. Excepturi ipsa officia ex. Perferendis eos magnam at consequatur harum nemo quo.',
        '1975-06-21 06:32:13'),
       (92, 1, 25,
        'Optio corporis ipsa similique ut. In libero ab voluptatem reiciendis. Illum repellat quia repellendus quas. Maiores eius suscipit totam nihil. Libero saepe qui quasi quaerat quam.',
        '2004-02-26 08:45:09'),
       (93, 20, 37,
        'Et neque id quia exercitationem. Et omnis culpa itaque non dignissimos. Omnis nihil facere velit facilis numquam dolores animi.',
        '1977-03-20 02:00:25'),
       (94, 18, 10,
        'Sunt odio rerum ab aliquam aut veritatis. Expedita saepe animi consequatur inventore. Dolor molestiae qui soluta voluptatibus quis illum qui aperiam.',
        '1971-10-08 06:32:32'),
       (96, 17, 6, 'Exercitationem eligendi quis eum magnam. Nam occaecati tenetur sequi est.', '1994-07-24 02:30:25'),
       (97, 28, 34,
        'Omnis optio et repellendus nam. Molestias debitis enim eum aut officia aut doloribus. Vel et nemo similique aut corporis nam. Ipsam est rem vitae enim nihil.',
        '1979-04-30 04:43:23'),
       (101, 1, 33, 'hello', '2021-03-30 16:56:22'),
       (102, 1, 33, 'hello again', '2021-03-30 16:56:22'),
       (103, 1, 33, 'hello, its me again', '2021-03-30 16:56:22');
/*!40000 ALTER TABLE `messages` ENABLE KEYS */;
UNLOCK TABLES;

--
-- Table structure for table `music_genres`
--

DROP TABLE IF EXISTS `music_genres`;
/*!40101 SET @saved_cs_client     = @@character_set_client */;
/*!50503 SET character_set_client = utf8mb4 */;
CREATE TABLE `music_genres` (
  `id` bigint unsigned NOT NULL AUTO_INCREMENT,
  `genre_name` varchar(255) DEFAULT NULL,
  `created_at` datetime DEFAULT CURRENT_TIMESTAMP,
  `updated_at` datetime DEFAULT CURRENT_TIMESTAMP ON UPDATE CURRENT_TIMESTAMP,
  PRIMARY KEY (`id`),
  UNIQUE KEY `id` (`id`)
) ENGINE=InnoDB AUTO_INCREMENT=21 DEFAULT CHARSET=utf8mb4 COLLATE=utf8mb4_0900_ai_ci;
/*!40101 SET character_set_client = @saved_cs_client */;

--
-- Dumping data for table `music_genres`
--

LOCK TABLES `music_genres` WRITE;
/*!40000 ALTER TABLE `music_genres` DISABLE KEYS */;
INSERT INTO `music_genres` VALUES (1,'Shall I.','1980-11-10 20:43:11','0000-00-00 00:00:00'),(2,'Then.','2001-03-11 10:16:46','1978-12-16 06:10:17'),(3,'As she.','1986-01-08 14:39:16','2014-12-01 07:29:44'),(4,'Oh my.','2001-01-09 19:46:59','2018-10-15 13:17:15'),(5,'IN the.','1995-09-06 23:49:05','0000-00-00 00:00:00'),(6,'Queen?\'.','1983-03-05 08:17:37','1993-05-01 16:56:26'),(7,'Alice;.','1972-04-02 20:23:07','0000-00-00 00:00:00'),(8,'NOT,.','1983-11-22 22:51:55','0000-00-00 00:00:00'),(10,'Alice.','2013-04-24 08:48:46','1985-06-26 11:33:58'),(11,'Queen..','1985-07-07 14:36:05','1979-09-29 17:21:44'),(13,'I know!\'.','2008-03-01 02:39:20','2010-06-03 05:17:55'),(14,'THAT..','2017-03-13 11:37:00','0000-00-00 00:00:00'),(16,'I to do.','2006-08-30 20:46:28','2009-01-30 15:24:48'),(17,'I will.','2007-12-30 05:14:35','0000-00-00 00:00:00'),(19,'Duchess,.','2004-02-16 15:01:10','0000-00-00 00:00:00'),(20,'And yet.','1995-07-14 11:54:51','0000-00-00 00:00:00');
/*!40000 ALTER TABLE `music_genres` ENABLE KEYS */;
UNLOCK TABLES;

--
-- Table structure for table `music_tracks`
--

DROP TABLE IF EXISTS `music_tracks`;
/*!40101 SET @saved_cs_client     = @@character_set_client */;
/*!50503 SET character_set_client = utf8mb4 */;
CREATE TABLE `music_tracks` (
  `id` bigint unsigned NOT NULL AUTO_INCREMENT,
  `user_id` bigint unsigned DEFAULT NULL COMMENT '  ,   null  user    ',
  `music_genre_id` bigint unsigned NOT NULL COMMENT '   ,       ,        -      ))',
  `name` varchar(255) DEFAULT NULL,
  `lyrics` text COMMENT '       ',
  PRIMARY KEY (`id`),
  UNIQUE KEY `id` (`id`),
  KEY `name_genre_index` (`name`,`music_genre_id`) COMMENT '          ?',
  KEY `user_id` (`user_id`),
  KEY `music_tracks_ibfk_2` (`music_genre_id`)
) ENGINE=InnoDB AUTO_INCREMENT=101 DEFAULT CHARSET=utf8mb4 COLLATE=utf8mb4_0900_ai_ci;
/*!40101 SET character_set_client = @saved_cs_client */;

--
-- Dumping data for table `music_tracks`
--

LOCK TABLES `music_tracks` WRITE;
/*!40000 ALTER TABLE `music_tracks` DISABLE KEYS */;
INSERT INTO `music_tracks` VALUES (1,1,1,'sint','Voluptate est corrupti repudiandae non. Odio molestiae laborum sit neque aut enim. Aliquam eaque quae vel minus rerum eius voluptatem. Officia tempora magnam ab doloribus adipisci modi. Quae maxime dicta ut ducimus nobis et ab. Vel inventore voluptatem voluptatem aut. Et expedita maxime officiis velit et voluptatem. Ex exercitationem ipsa nihil non nemo vitae eius reprehenderit. In voluptas dolore dicta aperiam quia in. Mollitia nam unde ad ratione quia eum illum. Aut et consequuntur et. Quod perferendis consequatur sed repudiandae et necessitatibus. Magni fuga aspernatur ab recusandae nihil. Dolorem doloremque qui minima vitae pariatur voluptatibus perspiciatis occaecati. Atque quibusdam aut rerum reprehenderit ducimus. Ut et nulla et ipsum. Assumenda odit eligendi aut sit nemo et fuga magni. Accusamus ut dolores aut vel. Dolorem rerum id enim et quibusdam. Commodi earum quam qui sit quos voluptatum unde. Aperiam dolores nisi officiis sint repellat doloremque hic. Deleniti sed dolorem cum qui atque. Aut ducimus minima qui impedit ut fugiat voluptas. Modi sint maiores eum inventore. Dolor aut blanditiis rerum autem illum soluta ipsam. Eaque voluptatem est ad rem distinctio. Tenetur sint aut sed voluptatibus placeat suscipit ab. Consectetur explicabo quos voluptatibus ipsam ut. Laudantium est laudantium est sint corrupti esse. Mollitia ex ut est sequi ut facere unde eveniet. Consequatur autem voluptatem repudiandae aliquam pariatur amet ut. Quae pariatur sit aliquid nulla consequuntur. Fugiat ea aperiam quam temporibus nobis. Incidunt eaque accusamus adipisci. Quo est consequatur voluptatem nostrum occaecati. Minima et qui ducimus. Animi quia sequi id et tempora voluptas. Sed quidem accusamus distinctio voluptas sequi sint vitae. Et ad dolor delectus rem velit est beatae et. Maxime nisi adipisci facere.'),(2,2,2,'consequatur',''),(3,3,3,'velit',''),(4,4,4,'quaerat','Accusamus non dolores et harum voluptatem reiciendis minus dolor. Omnis libero nobis commodi aspernatur tempore. Et ex qui consequatur aut eos non. Fugit numquam perspiciatis nihil natus expedita voluptatem numquam pariatur. Debitis consequuntur quae rerum repellat et vitae. Veniam qui non voluptatum atque voluptas dolorem tempore. Qui et ut eveniet quae minus. Quae sint quidem hic velit reiciendis aperiam. Voluptatem officia delectus odio ut. Fuga alias rerum nam vitae et magni mollitia. Qui iusto repudiandae ad ex non. Maxime autem quia architecto omnis. Nemo consequatur ad qui corporis atque est eum. Facere qui minus nihil ducimus eos enim sit qui. Eos asperiores ut magni sunt velit labore est. Voluptas ut praesentium eveniet magni. Nesciunt commodi qui architecto tenetur. Perferendis dolore voluptas sit dolore cum sint at fugit. Consequatur hic et velit. Quibusdam minima ut voluptate et molestiae saepe. Illo iure quasi adipisci repellendus. Voluptatem quasi et blanditiis sapiente id error. Sint eius iusto eum quidem. Repellat sed voluptatem quo quis dignissimos aliquam omnis. Minus tempore qui amet incidunt officia vitae labore itaque. Minima eaque eaque magnam vitae temporibus amet aut. Laborum voluptatem sed eligendi dolor quo eveniet in ducimus. Eveniet iure praesentium vero aspernatur. Dolor animi voluptate inventore sunt. Voluptatem dolorem eaque eos quaerat quia quis quia. Illo ullam molestiae praesentium dignissimos nostrum facilis quam. Quidem molestias quisquam reiciendis eveniet. Aliquam ut nihil ut eius eaque. Sit repudiandae beatae autem nostrum.'),(5,5,5,'debitis',''),(6,6,6,'dolor',''),(7,7,7,'necessitatibus','Temporibus voluptatem itaque eos minima. Quas et et doloribus molestias aut id tenetur. Minus sed aliquid voluptas voluptatibus enim inventore rerum. Est at et in rem non magni. Qui quod doloribus aut dolore at et nostrum. Vitae temporibus rerum ut vel molestiae esse non. Tempora aperiam magnam commodi fugiat. Consequatur sunt velit doloremque qui. Repudiandae sit saepe iusto dolorem facilis voluptatem nesciunt quisquam. Omnis libero incidunt aut qui aut perspiciatis soluta. Rem facilis fugit est iste ratione dolor vel. Consequuntur iste quas porro eaque. Dolores aliquam enim dolorem aut consectetur et. Ad commodi quibusdam quia quis voluptatem. Sequi doloremque laudantium blanditiis ut minima dicta suscipit. Sed repellat qui quia adipisci aut culpa nesciunt. Est ipsum hic natus quod consequatur sed. Commodi ex reprehenderit saepe fugiat nemo cupiditate. Veritatis occaecati quam error eos facere. Consequatur ratione eos voluptate impedit. Repellat et velit nisi ipsum.'),(8,8,8,'saepe','Eum expedita dolorem possimus nulla atque aut. Non earum perspiciatis excepturi officia rem illo nemo veritatis. Sit unde impedit minima quos ab doloremque ducimus et. Mollitia omnis ratione qui recusandae pariatur. Ad odit consequuntur quia recusandae molestiae. Consectetur neque mollitia eum quas fugiat enim. Eius minus facere necessitatibus rerum consequatur. Ab distinctio ratione repudiandae ab odio cumque. Non et cupiditate quo iste similique aut itaque recusandae. Sint alias sint molestiae. Minus totam corporis aut aut numquam. Inventore id quos magni occaecati. Dolor distinctio et suscipit quasi. Magni delectus nesciunt quia vero ea earum dolorem. Fuga quia qui culpa aliquam. Sequi placeat repellat accusamus nostrum eos quis animi ducimus. Similique quas debitis nihil harum provident ad. Sunt in nesciunt dolorem eaque ducimus deleniti. Est nobis quam est doloremque est. Eos quo rerum nostrum fugiat. Sunt cumque et voluptas non velit. Rerum aut dolores dolorum quo modi. Omnis doloribus expedita veritatis nihil. Nam sint dolor minus recusandae sapiente magnam. Occaecati enim inventore doloremque ut corporis ducimus. Aliquam est voluptas voluptatem eum unde. Est omnis non nihil odit sapiente commodi eum. Quam rerum qui id non iure. Commodi nam exercitationem eaque dolores ut earum. Ut velit quas quam qui quis. Repudiandae sint eveniet aliquid velit a qui eius ipsum. Ut voluptatem quaerat totam laboriosam est optio dignissimos. Ipsa laborum incidunt distinctio amet exercitationem qui. Deleniti neque est est maxime fugiat sunt et eveniet. Est ut cum ratione tenetur magnam rerum.'),(9,9,9,'sit','Incidunt impedit quas enim sequi rerum. Magni expedita ratione quas enim nesciunt nemo sed. Magnam eius temporibus quo dicta magni velit quia dicta. Ad quos et non atque. Qui quia aut molestiae aliquid eaque. Voluptatem velit aspernatur quod. Dolorem corporis placeat sapiente facilis quam quia minima. Id veniam suscipit eveniet eius qui et. Ad ullam qui repudiandae. Distinctio occaecati est sit unde. Placeat voluptate voluptates illo illo repellat eius. Quia et placeat est voluptatem omnis. Eum dicta ex deserunt quod nihil vel. Cumque dolor in natus expedita. Aliquid voluptatem sit quisquam illum culpa facilis. Itaque inventore molestias saepe facilis cumque maxime. Nihil nemo quis nostrum quia voluptatem. Culpa exercitationem ratione reprehenderit eveniet. Tempora molestias est consequatur iste voluptates consequuntur. Vitae suscipit veniam iusto ex aut sapiente numquam. Quia temporibus aperiam ad ipsa.'),(10,10,10,'aspernatur','Est optio nulla ipsam beatae iusto consequatur. Illo amet dolorem magni quo. Libero ipsam aut distinctio molestias ipsam. Veritatis voluptatum enim voluptates voluptatem qui. Mollitia ullam ipsa cum tenetur dolores magni. Id pariatur asperiores soluta velit. Maxime modi ut qui natus nihil qui. Quaerat corporis qui hic est vitae eum et. Et voluptatibus maxime cum est. Assumenda fugiat facere unde itaque. Et accusantium doloribus officia voluptatibus soluta ipsam pariatur porro. Hic fuga maiores necessitatibus blanditiis. Commodi aut culpa non asperiores quia. Magni qui consectetur dolorum consequatur omnis et nobis. Aliquam et qui temporibus assumenda vel corrupti tempore. Inventore blanditiis aliquam consequuntur consequatur. Rerum nemo soluta dignissimos rerum corrupti neque. Blanditiis amet aliquid consequatur eos. Ullam amet facilis sit nihil ut eaque sint. Fugiat doloremque omnis sit perspiciatis ut eligendi. Pariatur quae iure eum tempora distinctio. Veritatis et quae voluptas ea tempore sed. Fugiat ad voluptatem nulla doloribus nam vel. Doloribus inventore eos perferendis consequatur. Pariatur eaque veniam est eius quisquam aspernatur. Autem voluptas libero officiis commodi fuga maxime quibusdam. Sunt similique et sit voluptatem. Sit distinctio velit aperiam magnam sed ut. Facilis dolorem velit tempore similique optio ducimus numquam dolorem. Suscipit eius eum consequatur vitae quibusdam ipsa atque quam. Nisi impedit cumque libero natus est. Et est voluptatem sint reiciendis quia vitae. Eaque quia nostrum nihil sed aliquam omnis. Quia et rem eos ad sed. Voluptas qui ut voluptas exercitationem expedita ex inventore magnam. Laboriosam omnis blanditiis perspiciatis totam voluptatibus molestiae. Ut dolorem molestiae dolorem non. Adipisci animi iure optio fuga perferendis dignissimos. Sint sit numquam beatae.'),(11,11,11,'consequatur','Non ut aut cumque et ut laboriosam. Illo nostrum voluptas rerum est est deserunt molestias. Repellat cupiditate ad ipsa. Aperiam totam id molestiae porro expedita quaerat. Ea dicta autem enim optio itaque. Voluptatem ut deleniti dolor aut. Autem sequi recusandae dignissimos non mollitia molestiae assumenda. Voluptas quas doloribus quos repellat ea ab. Sunt quos nemo libero et quos id. Voluptatibus doloribus ea veritatis qui. Commodi culpa totam consequatur neque. In deleniti et eveniet voluptas. Est sunt enim eveniet cupiditate molestiae. Beatae sapiente a quibusdam aut cum. Autem autem voluptatum consequatur distinctio et quibusdam et aut. Omnis non velit dolorum voluptatibus tempore laboriosam non. Nisi et et aliquid perferendis. Velit in ipsum numquam optio. Quasi aut qui nesciunt sequi qui. Reiciendis inventore quod rerum. Non omnis nihil quod in. Velit ea in quia nam quibusdam molestiae quia sit. Ut quaerat voluptatem minima quasi et rem doloremque. Fugiat esse consequatur autem qui voluptatum aspernatur repudiandae voluptas. Aliquam consectetur et soluta sint. Quia quia consequatur voluptas quis at voluptatem et. Nihil nobis deleniti accusantium.'),(12,12,12,'ut',''),(13,13,13,'eos',''),(14,14,14,'architecto','Tempore sit veniam non esse occaecati vero tempora fuga. Maxime itaque iste exercitationem repudiandae. Cupiditate harum itaque quos aut eos sunt. Id autem dolore quidem asperiores dolore vel. Unde aut voluptatibus natus distinctio qui omnis earum. Placeat aut eius nihil ad maxime quibusdam quas. Id consectetur qui aliquam est labore delectus. Corporis quidem quas ipsum voluptates eum voluptate et molestiae. Consequatur iure assumenda voluptatem voluptatum et occaecati consectetur. Minus asperiores veritatis sunt iusto. Sit sit neque harum. Quas explicabo animi quia quo necessitatibus facilis occaecati. Molestiae pariatur ut delectus asperiores. Reiciendis et provident et et cupiditate porro molestias. Hic quod est blanditiis ut asperiores blanditiis. Ut natus consequatur perferendis quidem culpa. Quia error unde iste cum corrupti. Qui hic fugit qui tempora ullam quasi commodi. Fugiat perferendis corporis esse. Ipsam voluptate ratione velit in aut non. Eius unde animi quo nobis unde dolor similique. Nihil sed quaerat laboriosam eos vel necessitatibus. Doloribus veritatis et vel. Vel delectus non in eum impedit quia ipsa. Est ut dolor provident consectetur minus. Et voluptate beatae itaque dolor deserunt rem quidem nisi. Aut dolore soluta possimus mollitia quae iste rem. Dolor vitae dolorem recusandae delectus aut accusamus quae quidem. Dolorum porro debitis ullam animi. Et saepe ipsam voluptas quis. Reprehenderit sint vitae exercitationem dolores est eveniet. Consequatur numquam et debitis unde fugiat et. Vitae laborum placeat consequatur inventore qui hic harum ab.'),(15,15,15,'explicabo','Culpa laboriosam quis reiciendis voluptatem. Quaerat est veniam accusantium magnam numquam ea. Aut in fuga itaque a quam dolorem. Delectus aut asperiores et. Dolorum enim quia est earum cum sit fugiat dolor. Repudiandae optio recusandae porro sunt mollitia. Ex nostrum voluptatibus iste minus reiciendis. Mollitia ea totam ut iure ut. Vel omnis est dolor est nihil iste ut. Quod ea et quos sunt blanditiis alias. Iure repellat impedit facilis eveniet similique. Voluptates sint ea nam culpa blanditiis accusamus et. Voluptatem amet quis unde. Voluptatem temporibus optio quos. Voluptatem laborum sed et veritatis ullam quis. Ut eius atque et enim quisquam et ea. Pariatur et quaerat totam quis quaerat exercitationem reiciendis. Non rerum commodi aut quibusdam optio dolorum unde. Numquam molestiae quo vel consequatur illo odio.'),(16,16,16,'explicabo','Modi inventore debitis asperiores repellendus et. In aut earum sunt in atque aut magni. Est ut dolor quia illum sed quis sequi et. Perspiciatis ducimus et quia consequatur. Nostrum alias voluptatum sed laudantium architecto molestias. Vel et deserunt voluptatibus consequatur nulla nihil non. Aliquid recusandae inventore enim et incidunt. Eum quo modi ad mollitia quisquam. Vitae qui cupiditate illum consectetur consequatur. Cupiditate totam ut consectetur facere. Accusamus repellat ut velit molestias et in voluptas. Qui expedita non voluptatum laboriosam ea eaque odit. Dolor aut quia reiciendis. Quod ut repudiandae sit. Nesciunt ab harum error nostrum voluptas. Minima asperiores praesentium magnam vel in eius. Ab sequi nam qui. Quia consequuntur at doloribus magni. Dignissimos sint molestiae nihil ipsa suscipit veritatis. Et dolore earum et. Voluptas est hic laborum. Est et ex nulla eum. Voluptas et non quam sit et. Repellendus iusto voluptatibus possimus odio ut doloremque. Delectus dolore ducimus et provident. Impedit doloremque id dolorum ex eum. Cumque repellat qui officia quasi sed illo non. Porro ducimus tempora veniam dicta. Facere voluptatem omnis blanditiis velit quia alias. Incidunt delectus quia est. Laudantium totam consequuntur voluptatibus reiciendis hic suscipit quis eos. Corrupti et reiciendis ullam omnis cumque cupiditate accusantium. Dolorem maxime doloremque earum quae eos dolor. Aliquid labore esse sint non sed dolorum asperiores. Voluptatum ullam veritatis nihil tempora nihil. Voluptatem qui quia velit deleniti.'),(17,17,17,'sint','Ad vero ut aut explicabo ratione. Quisquam et officiis voluptatem vero dolores. Quo fuga et aut similique sequi voluptate. Et est doloremque et eaque. Veritatis odit eligendi nisi est ut error totam. Quia repellendus officia qui velit. Voluptas molestias ducimus aut repellat non. Sed et soluta perspiciatis. Qui eos perferendis nihil odit. Repellendus eos non eaque. Voluptate dolor sed nihil tempora. Ut qui est dolores fuga placeat consequatur. Autem fugit qui a voluptatem delectus non. Deleniti molestiae quibusdam recusandae totam. Velit eligendi ut est in provident qui beatae. Sit ut nihil adipisci qui reprehenderit qui saepe. Et fugiat dicta optio repudiandae ut praesentium. Repellendus vero suscipit a. Ut corrupti harum maiores id aut inventore. Ipsam ipsa quis nisi et distinctio et consequatur. Porro veritatis voluptas dolorem et nesciunt velit. Suscipit non nobis deserunt aliquid provident hic eaque. Officia et at qui reiciendis saepe repellendus earum. Tempore et porro nobis tempora mollitia. Dolorem incidunt et est. In ex facilis sequi sunt nihil. Ut nobis aut sit laudantium qui. Velit pariatur est porro velit dolorem. Reiciendis adipisci quia dicta odit. Culpa in soluta dolorum facere quae cum similique qui. Ipsum qui et voluptate voluptatem. Est dolore expedita minus facilis id reiciendis distinctio.'),(18,18,18,'quisquam',''),(19,19,19,'aut','Culpa pariatur reiciendis harum a. Vel quo totam modi sequi dignissimos earum quaerat. Doloribus exercitationem quia veritatis consequuntur. Rerum et quaerat dolore. Sunt aperiam est sint inventore aut quibusdam tenetur tenetur. Modi aut eaque sequi rerum quasi laborum in. Quia nihil et beatae sit et. Quisquam quia optio suscipit quasi doloremque nemo nulla. Odit excepturi necessitatibus autem distinctio vitae et. Sit dolor minus distinctio porro beatae in debitis. Et explicabo animi nesciunt quis. Odit voluptates consequatur perferendis vel. A et sunt sint. Ut eaque aut non nam at aut qui velit. Enim suscipit numquam omnis debitis ipsa fugit aut. Voluptatem mollitia ex harum culpa. Veniam atque placeat quod necessitatibus. A amet facere explicabo nihil aliquam sit necessitatibus. Omnis quia error pariatur ea.'),(20,20,20,'molestiae',''),(21,21,1,'quaerat','Quibusdam fugiat tenetur corporis aut fuga. Inventore deleniti id enim eum. Qui fugiat facilis at dolores omnis. Nesciunt placeat quo fugiat optio veritatis necessitatibus aut consequatur. Sapiente voluptate voluptatem autem eligendi eius iste rerum maiores. Quo corrupti animi dolor in quibusdam hic voluptatem. Sint et error architecto et. Ea inventore culpa aut placeat. Quod sint ullam illo rerum temporibus est molestiae cupiditate. Sunt illo cupiditate harum occaecati ab minima. Pariatur voluptas et illo nobis. Reprehenderit quasi quae dolore et sunt. Rerum in reiciendis culpa. Error qui repellat quisquam voluptate. Et sint aperiam autem minus non. Illo voluptatem ad et qui minus dicta. Unde error animi sequi praesentium et error facere. Ratione et exercitationem quia explicabo earum. Dolorem vero sed velit ab. Ut quia tempora ex quis. Perferendis libero debitis sapiente minus. Rerum amet excepturi vero qui placeat porro nesciunt pariatur. Hic cum illum eos non omnis et. Et temporibus quibusdam deserunt dolor. Aut qui ut est quia deleniti corrupti velit. Qui non nulla velit cumque. Rem soluta et corrupti cumque quia dolorum. Dolor et ut nostrum sapiente. Et eos consequatur in eveniet id neque. Vel qui consequuntur iusto qui sequi animi est sunt. Officiis modi ducimus iste repellat ab. Minima consequatur dignissimos harum quia architecto. Fuga repellendus nulla nobis magni qui facere sit. Reiciendis minima consequatur sint praesentium quis sunt omnis. Vitae aut ex suscipit qui. Commodi autem mollitia et corporis libero velit. Aut fuga molestiae a. Optio reiciendis sit laboriosam. Natus quia nulla perferendis perferendis vero quam. Vel ut dolorem ut voluptatum sed excepturi eligendi.'),(22,22,2,'id',''),(23,23,3,'eligendi','Adipisci ut dolorem qui unde. Aspernatur rem aperiam sint ducimus ut iusto iusto. Voluptas et at illum autem omnis illo placeat. Officia excepturi numquam inventore eveniet aspernatur ut. Mollitia harum sequi deleniti cumque et iure mollitia et. Dolore est suscipit modi amet sunt ea sequi est. Perspiciatis quasi ad vero architecto magni at cumque. Qui nemo magni id quas ab voluptas. Dolores iusto cupiditate id. Et ut recusandae consequatur omnis. Aut voluptatem fugiat quas aut eius. Fuga ut nihil suscipit consequatur. Et nobis sint tempora in et quas voluptatibus. Id similique nesciunt nobis. Eum in cupiditate est aliquam reprehenderit. Quidem aut voluptas sequi est doloremque. Qui voluptatem culpa iure ipsa quo. Dolores dolore delectus aperiam cum sunt. Perferendis dolor enim eos modi quos ut dolores et. Temporibus ut in architecto eum quia. Id dolores quia fugiat rerum aliquid consequatur repellendus. Id velit sit sed est autem. Et esse recusandae repellendus harum vel id rerum.'),(24,24,4,'sit','Neque sunt qui ut doloremque non. Mollitia est nostrum similique dolores ad veritatis magnam. Eos totam enim impedit quia. Dolorum omnis ab molestiae distinctio. Et cupiditate quasi qui quia. Ex illo nihil aut sequi sed. Velit accusantium magnam dolorem et. Earum ut aut est cum debitis earum ex. Sapiente ut ullam qui expedita suscipit praesentium. Similique ratione alias distinctio doloribus quisquam. Molestias assumenda qui praesentium ex eaque. Ea voluptatem aut qui non tempora aut quam totam. Qui corporis quis quo magni ut. Mollitia amet aut voluptatem eos illum eos nostrum porro. Deleniti sint veritatis cum cumque. Ipsum quam et et animi earum modi. Exercitationem rem totam totam minus neque officia. Excepturi sapiente quo autem incidunt qui. Voluptatem animi dolor modi sit culpa perspiciatis recusandae dolor. Debitis ipsam ex sit molestias enim inventore. Impedit placeat in qui eligendi qui ut quia. Esse ut placeat facilis cum et. Autem commodi dolor consequatur sunt dolor iure veniam. Quia facere tempore omnis rerum vitae eos inventore. Quia voluptas et autem eum minima quo pariatur. Sunt aspernatur voluptatibus commodi ducimus. Corrupti quod praesentium maxime necessitatibus qui ut. Tempore autem consectetur non deleniti. Recusandae aut deserunt vel sed. Ipsa eaque provident sunt consequatur.'),(25,25,5,'corporis',''),(26,26,6,'qui',''),(27,27,7,'iste','At fugiat explicabo laudantium fuga exercitationem. A eveniet earum nesciunt exercitationem voluptatem sed. Perspiciatis a eaque ut aut alias. Aliquam consequatur est ipsa ad dignissimos. At itaque ea amet odio ut. Quisquam repudiandae qui aliquid perspiciatis recusandae. Magnam alias magni sed consectetur. Magni quos quibusdam qui similique. Eos ex dignissimos est dolor autem tempora. Impedit architecto labore numquam earum. Et rerum dolorem facere. Labore magnam doloribus eligendi quae nemo et impedit. Delectus voluptatum corrupti repellendus autem ullam et nisi. Quia sed provident sunt dolorum eum dolorem. Aut in voluptas natus voluptatem aut debitis nam. Est culpa cum consequatur ut totam velit magni rerum. Consequatur distinctio deleniti quia voluptates possimus ut vero. Et ipsam perspiciatis est consectetur culpa quidem assumenda commodi. Nobis libero debitis pariatur omnis illum qui. Alias enim ut quas repellat cumque omnis. Fugit id et voluptate eum. Blanditiis eveniet hic ad nihil dolores nesciunt.'),(28,28,8,'aliquid','Eum et amet aut sint aut quo qui. Dolorum animi omnis possimus fugit consequuntur autem vero. Accusamus necessitatibus magni qui. Illum vel harum architecto eum minima laboriosam natus impedit. Quae qui neque qui et ut et quam. Possimus laboriosam asperiores eum fugit. Qui veritatis et voluptas enim et. Recusandae placeat omnis illum placeat unde reiciendis. Sit vel earum qui dolores et recusandae. Odit in ut fuga laboriosam ut velit nam. Aut et at aut dolores repellendus non. Iure porro reprehenderit quisquam et reiciendis. Corporis consequatur veniam laudantium voluptas harum aut dolore expedita. Rem quae minus ratione. Minima non ut laboriosam nobis est delectus. Nostrum est aperiam iusto molestiae itaque. Eius quod dolorem dolores molestiae exercitationem. Sed labore nihil voluptas consequatur ut aliquam et. Sed perferendis qui soluta architecto et. Voluptas quisquam minima maiores in. Perferendis in sint laborum modi temporibus. Aut magni saepe exercitationem in. Sit sit voluptatem qui eum maxime et. Assumenda veritatis adipisci nihil dolores explicabo eum. Dolorem accusantium corrupti aut asperiores fugiat velit repellat.'),(29,29,9,'ut','Aliquid iure cumque qui illum. Atque et sed nisi aut esse natus. Et voluptate numquam qui a tempora dolorum adipisci perspiciatis. Libero est eveniet modi in excepturi delectus aut. Eos molestias facere dolores deleniti fuga ut. Corrupti et occaecati dignissimos perspiciatis necessitatibus dolor quis. Dolores ab praesentium ut velit doloremque non error. Blanditiis qui doloribus neque in ut ducimus minus. Delectus error dolores consequuntur id repellat. Explicabo tempora non ullam. Ut qui consectetur consequatur ipsam. Rerum magnam officia facere. Repellendus voluptates id dolorem aut assumenda. Impedit quasi molestias qui aut. Mollitia alias autem et quia dolore incidunt. Voluptas ut ea quasi voluptatem. Magnam tempore error quia dolor. Ipsum qui quod tempora quibusdam sint corporis cupiditate molestias. Perferendis est possimus non possimus minima. Repellat ipsam nemo placeat delectus nihil. Dolores qui ut pariatur sequi. Nihil suscipit modi facilis dolore aliquid debitis. Dolor quia quaerat error sequi vitae ducimus illum. Eos optio consequatur ab officia ea et deserunt voluptatum. Et nihil velit exercitationem. Dolor eum est maiores sed cum. Eum officia corporis maxime voluptatem hic. Nihil modi aliquam beatae sit. Deserunt suscipit et autem recusandae et nam quam quia. Sit iure dignissimos distinctio culpa maxime in.'),(30,30,10,'perspiciatis','Eaque et et eum est cum quisquam. Laboriosam ducimus perferendis minus qui fugiat. Quidem velit aut iure provident sed excepturi quasi. Impedit odio exercitationem sit. Sed cupiditate est nisi cupiditate omnis voluptas ipsam. Accusamus repellendus et cumque natus. Soluta architecto ut quibusdam et. Ea officia quae magnam aspernatur voluptatem cum veritatis. Optio maiores sint quis sint. Repudiandae tempora in sapiente enim aliquam. Distinctio soluta maiores nesciunt aut quis facilis dolore. Tempore consequatur voluptatibus consequatur magnam est voluptatem. Odio aut dolores non aut nemo sed. Est quisquam corporis quaerat doloremque reprehenderit. Totam molestiae ut necessitatibus necessitatibus. Ut consectetur qui quo in quas consequatur quia. Aut est rerum omnis et et sit aperiam distinctio. Placeat perspiciatis necessitatibus est reiciendis voluptas tenetur. Esse corrupti et qui asperiores. Sed ipsam id quo quia eius tempora. Quia ducimus ducimus officia. Maxime quod incidunt dolor aut architecto temporibus omnis. Ipsa accusantium temporibus fugiat molestiae. Voluptas non quas ut labore. Qui ea repellendus quo quis corporis quia quia. Cum accusantium aperiam rerum aut ut ut.'),(31,31,11,'voluptates',''),(32,32,12,'reprehenderit',''),(33,33,13,'eos','Est et velit ut nostrum officia ut et. Id ad optio quas cupiditate qui. Nobis repellat est occaecati illo quisquam itaque explicabo. Atque voluptatem suscipit quis sed assumenda. Veritatis temporibus dolor fugit et cupiditate. Est officiis non recusandae ullam dolore eos at. Porro aut nam asperiores sint. Sint quibusdam nam et et et earum est. Non sit et et quidem consequatur aut. Qui vitae rem quae eaque eaque. Aut incidunt velit dolor est corporis et saepe. Inventore asperiores rerum consequatur. Quidem quia aspernatur veniam deserunt maiores non minima et. Ducimus rerum quam ut neque reiciendis delectus. A sint sunt quia itaque quisquam aut. Ea id ut voluptas ipsa ipsum tempore quidem. Sint dolore nobis iure omnis incidunt cupiditate quae corrupti. Id dicta est praesentium impedit. Sed id libero minus quia. Minima rerum cum pariatur occaecati et. Et soluta autem est voluptas quaerat amet id. Dolore molestiae et consectetur quia non ratione totam iure. Fugit optio consequatur totam vel. Autem dicta et reprehenderit consequatur. Quis architecto officiis illum nesciunt perspiciatis. Ea praesentium omnis ut excepturi ab assumenda fuga. Omnis quas architecto porro adipisci in aut. Architecto quam et repudiandae numquam omnis ipsam omnis vero. Vitae sed aspernatur minus exercitationem molestiae. Ea odit nesciunt dolores ut et. Voluptatem non ducimus quibusdam non aut sunt dolorem. Fuga quis laboriosam dolores ducimus aut ipsum tempora. Qui provident a qui eveniet laudantium. Recusandae ut odit dolore vero ea. Ullam qui illo quasi ipsam. Error illum doloremque sapiente quod iure. Harum possimus placeat ullam est cupiditate est. Quis porro autem molestiae harum vel provident illo. Officia accusantium et quae. Et iure qui et autem vel totam.'),(34,34,14,'eligendi',''),(35,35,15,'earum','Eius consequatur ab fugiat debitis commodi nostrum voluptatum. Placeat nemo suscipit debitis. Nemo voluptatem dolorem quia nesciunt alias dolore quo blanditiis. Voluptate soluta consequuntur repudiandae ut officia et consequatur. Et adipisci numquam placeat velit doloremque ipsum alias. Repellendus in et aliquid dolorum ea illo ut. Consequatur aut sunt pariatur. Error asperiores nobis sint nobis. Modi commodi ut qui tempora. Sunt veritatis et dolores quia. Tenetur magnam eos reprehenderit exercitationem totam. Voluptates voluptatibus consequatur optio eos omnis aut. Nisi in libero expedita nostrum consequatur et. Nemo dolore consequuntur perspiciatis quo. Et iusto sequi ea qui. Nesciunt dolores consectetur explicabo id neque. Non est aut dolor. Dolores magni perspiciatis ipsum nesciunt dolorem ex. Voluptatem sit vero nobis velit. Amet doloremque magnam ut voluptatem iure delectus qui facere. Vero architecto quo impedit soluta ab. Ea id quia omnis ullam eum neque. Excepturi aut repellendus sit omnis.'),(36,36,16,'esse','Molestiae minima molestiae dignissimos veniam libero. Distinctio quia recusandae alias repellendus nobis earum commodi. Non nulla distinctio voluptatem. Totam nesciunt odio perspiciatis dolor est inventore consectetur. Quisquam aut earum itaque aliquam. Repudiandae quia facere minima voluptas beatae tempora vel. Qui eaque nostrum ipsa facere. Tempora impedit veniam explicabo alias qui maxime. Occaecati et nisi sunt voluptates a. Quibusdam at pariatur ut. Dolor aut aliquam libero pariatur rerum. Nihil omnis voluptas nobis qui nemo laudantium voluptate. Pariatur aperiam accusantium non reiciendis officia distinctio et est. Esse voluptas at et eveniet autem recusandae voluptas. Vel recusandae aut assumenda. Eum doloribus et vel. Reiciendis facere accusantium ut dicta et qui ut. Magni ut rem optio assumenda est consequatur. Tenetur voluptatem quam libero quam vero repellat. Eum est minus ipsum. Omnis facere dolore cupiditate soluta nemo dolore est. Soluta omnis nemo autem sunt atque dolor. Aut labore nulla facere assumenda cum aspernatur. Mollitia aperiam voluptates nobis voluptatem sed sed aut. Quaerat consectetur rerum doloremque voluptas ut. Maxime odio vitae culpa expedita consequatur consequuntur molestias. Ut nesciunt ullam ut praesentium. Possimus molestias minus rerum et vel sunt voluptatibus. Rerum maxime saepe iusto placeat rerum ipsa aut id. In quasi quis ad nihil nihil. Illo quod commodi voluptatem consequatur id dolores tempora explicabo. Deleniti est aliquid qui ratione perferendis. Et nihil consequatur impedit. Ut voluptatem fuga nostrum sed. Aspernatur eos dolorem enim ut harum qui. Ut id iure quis. Temporibus et debitis beatae ex sunt cupiditate dicta. Recusandae quaerat aut architecto vel nostrum. Repudiandae culpa sequi quibusdam in. Rem quas debitis nulla vitae numquam consequuntur.'),(37,37,17,'dolor','Et eum ullam a occaecati ut qui in. Nihil qui id ut dolorem beatae inventore possimus. Occaecati reprehenderit corrupti magni est quia. Tempora totam quam veniam sunt. Et aut quod ut quasi voluptate. Eveniet aut iusto excepturi quis non. Ea incidunt voluptatem molestias corrupti nisi natus quos. Eum voluptas qui voluptatibus. Nisi ut voluptatibus iste similique provident aspernatur nesciunt amet. Aperiam eveniet nulla dolores cum et saepe. Unde deserunt veniam et reiciendis quam quia. Occaecati tempora ea id eos. Dolorum numquam est quaerat perferendis id numquam. Delectus quos maiores aut magni omnis vitae quidem voluptas. Doloribus rerum ipsam aut sunt. Voluptatem deleniti porro aspernatur officiis excepturi ullam et vero. Velit veritatis similique quos dolores illo. Velit ipsum placeat distinctio doloribus eos possimus quam. Ipsam nobis eos similique asperiores delectus neque repellat. Deserunt rem eum officiis itaque sunt excepturi rem. Praesentium non et soluta sit quod. Ipsa et corrupti quia. Sunt amet voluptas dolorum veritatis quibusdam eum maxime. Harum voluptatem similique excepturi molestiae quia quod. Recusandae qui nobis sunt possimus eos. Laborum debitis repellat harum odit nihil. Dicta dignissimos doloribus sequi voluptas quos consequatur eaque. Autem sed dolores sit voluptatem delectus. Labore non animi facilis laudantium maxime quis aliquid. Voluptas temporibus sed aut vel aperiam esse. Et qui nobis doloremque quia voluptatem aliquam minus. Voluptatum inventore repudiandae eos ab sunt aspernatur. Eum dolor ipsa hic est sed. Aspernatur sint magnam ut. Debitis autem minima recusandae quam aliquid reprehenderit nisi. Sit a voluptatem architecto. Non et minus ratione aut cumque incidunt. Eos ab et harum temporibus illo. Soluta blanditiis incidunt illum autem autem ipsum magni ipsa. Dignissimos quod earum dolore voluptatem architecto quia earum. Omnis et suscipit reprehenderit exercitationem numquam aliquid qui debitis.'),(38,38,18,'sint',''),(39,39,19,'debitis','Accusantium ea provident placeat consequatur nulla eaque. Error cumque minima sed rem. Delectus quis corrupti est qui fuga. Odio quibusdam tenetur suscipit sed ut qui. Omnis voluptatem praesentium doloribus repellendus autem consectetur sapiente. Voluptates ut facere natus illo. Quia deleniti quibusdam cumque reiciendis aut dicta occaecati eum. Qui assumenda vel voluptas natus. Facere neque autem sed reiciendis. Veniam placeat quam sint quo occaecati. Et nihil quos atque enim aut necessitatibus. Dolorem tenetur aperiam soluta blanditiis sunt quia. Sit sed nulla doloribus in et mollitia at. Voluptatibus autem animi iusto maiores. Nam vel quo nihil amet quia laboriosam totam eveniet. Sapiente ipsum et facilis porro iure harum. Minima maxime alias deserunt quidem. Voluptas ut ut reiciendis. Repellendus nihil ea qui quia. Qui ex et quam eligendi earum. Beatae quo et cumque voluptatem optio. Et ab autem ratione quisquam fuga laboriosam. Harum beatae pariatur dicta voluptate. Repellat maiores cum nihil adipisci et. Sit sed rerum sunt et quo ex. Esse ab et error veniam quia consequatur maxime voluptates. Quia sint illum ullam. Id at ex pariatur in voluptatibus aut perferendis. Amet accusamus ipsam cumque porro.'),(40,40,20,'recusandae','Qui possimus quaerat molestias ut neque. Quia error rerum laudantium et et. Minima cum quos inventore et ea fugiat sed. Ut aut harum ut eligendi quis aut est. Beatae minima qui sapiente excepturi modi. Excepturi ab ut dolorem reiciendis sequi. Dolor facilis et maxime ab dolores debitis repellat. Sed tenetur voluptatem quasi iste quidem. Ut sint ut ducimus ipsa id sapiente sunt. Quo nostrum eos qui veniam facilis aut quia. Odio mollitia deleniti dolorum tempore qui sunt tempora. Est ab possimus ipsam inventore numquam commodi. Consectetur aut consequatur explicabo quod fuga vel. Est voluptas quod veniam autem odit est. Sunt corporis tempora autem voluptatem. Dolorum sint expedita veniam laboriosam et. Omnis sed minima consectetur. Aut enim vel et aut delectus cum. Est ex reiciendis nesciunt sed qui. Quia blanditiis consequuntur earum inventore est nihil autem.'),(41,1,1,'et',''),(42,2,2,'magnam','Sapiente labore harum illo facilis velit magni ut. Cumque quaerat suscipit nesciunt temporibus. Deserunt architecto illo mollitia expedita saepe aperiam. Esse perferendis ipsam praesentium sunt nihil. Quae non tempore nostrum accusamus eveniet. Et excepturi officiis recusandae officiis soluta illo vel. Iste ex maxime explicabo voluptatem. Est deserunt maxime sunt quo corrupti suscipit accusantium ipsam. Quis commodi molestiae vel soluta qui et. Quod necessitatibus nam et facere veniam qui consequuntur. Quaerat a laborum sit suscipit sit laboriosam. Non omnis ipsam eum illum repudiandae rerum omnis. Tempora est sunt cumque id et non beatae. Ut quis optio et est ullam atque atque esse. Sapiente ratione dolores quod fuga exercitationem accusamus et. Aliquid quae exercitationem nihil quasi consectetur quis ex. Ut quibusdam autem ut praesentium voluptatum nostrum. Sed soluta quam iste quas occaecati. Et esse delectus accusamus rerum ut nesciunt. Doloremque autem incidunt sit dignissimos dolorem inventore voluptatibus inventore. Itaque velit in dolorem eos dolor nesciunt nobis. Omnis maxime nihil voluptates autem tempora labore libero.'),(43,3,3,'debitis','Nisi exercitationem est minima accusamus quasi. Rerum harum totam voluptatem ipsam. Perspiciatis aut repellendus voluptatem explicabo. Sed ea blanditiis facilis omnis rerum quia. Neque aut qui non cumque aspernatur reprehenderit. Error eveniet ut optio voluptatem inventore laboriosam dolore. Nihil alias dolor natus vero rerum repellendus aperiam. Et facere quaerat commodi magni nobis qui. Iste eius et dicta itaque. Assumenda eos perspiciatis esse error. Voluptate esse sit vero repudiandae. Omnis ab perferendis quod quia sit nam dolorum adipisci. Qui rem quibusdam dolores animi vel ratione. Esse ipsum et quo totam nobis cupiditate. In ullam quod est et sapiente ea aliquid. Numquam illo esse vel id voluptatibus quam pariatur. Assumenda consequuntur ipsum sunt voluptatem amet aut perspiciatis. Nihil autem eveniet esse dolorum. Sed eos debitis consectetur ea temporibus. Quidem adipisci rerum occaecati voluptatem quia ipsam animi. Nisi exercitationem non nostrum voluptate. Non placeat quis qui rerum beatae velit odit. Sint qui dolorem consequatur et natus nisi explicabo. Vero est dolores consectetur itaque non. Quasi occaecati in aspernatur est rerum voluptatem. Qui corrupti debitis quo corporis temporibus. Et est totam vitae deserunt in. Ipsa nihil soluta aut quam culpa quae voluptas qui.'),(44,4,4,'iusto','Incidunt odit voluptatem quas deleniti est. Ea ea nesciunt voluptatem quis molestiae architecto harum. Laudantium reiciendis et fuga aut. Debitis omnis at quia deleniti. Pariatur aliquam autem in qui officiis. Sequi laudantium veniam animi repudiandae consequatur. Aut ipsam animi temporibus cupiditate. Esse aperiam expedita tenetur reprehenderit unde dignissimos. Porro dolore totam delectus rerum at temporibus quia. Explicabo modi quia qui. Id dolorum itaque iste. Ipsum molestias quibusdam ipsa laborum odit eos numquam quos. Blanditiis fuga nihil placeat in corporis magni est. Dignissimos autem sit nulla quibusdam et ipsam harum. Beatae tempore corporis omnis et minus laborum facilis labore. Itaque sunt id debitis. Omnis nesciunt non culpa minus. Occaecati nihil maxime doloribus delectus. Doloribus beatae praesentium totam. Voluptatem atque ut repellendus aut nihil excepturi non. At dolorem dolores ut et et perspiciatis cum nemo. Perspiciatis aut accusamus eum voluptas velit eius. Est natus sed est. Et perferendis quae cum impedit. Culpa ut necessitatibus non eum fugiat. Voluptates ratione quas sed provident neque nostrum commodi fuga. Exercitationem quasi ut laborum sed consequuntur minima. Perspiciatis nesciunt adipisci eos excepturi illum ea. Commodi pariatur voluptas temporibus velit dolorum. Quibusdam commodi qui dolore delectus id. Omnis et eum dolores voluptatem beatae voluptatem necessitatibus. Rerum animi est omnis accusamus omnis. Ipsa optio quas harum qui nesciunt. Ducimus architecto et rem deserunt et voluptatem veritatis aut. Incidunt id neque sed facere. Minus eos rerum corporis earum voluptatem maxime. Doloremque nihil mollitia et rerum cum. Aspernatur sapiente aperiam et sit aut. Qui ullam dolor dicta similique repellat alias. Quis et consectetur rem. Ut non amet eos facere vero.'),(45,5,5,'est',''),(46,6,6,'laborum','Atque harum omnis cupiditate. Voluptatem eius voluptatem illo vero sed officiis molestias. Eaque dolorum odio quis odio odit vel. Nisi sequi dolore voluptate. Quia ut voluptatem eius voluptas. Exercitationem veritatis excepturi iste non. Officiis provident eos ipsam voluptate laudantium voluptas. Possimus voluptatem debitis eius quasi adipisci. Sit tempora magnam iusto asperiores architecto incidunt. Dolor ipsum quaerat reprehenderit et et et reprehenderit. Reiciendis harum nisi nostrum vel enim rerum voluptas. Eos accusamus eaque sit expedita excepturi nam voluptatum. Velit tenetur assumenda et nam. Est magni ut qui velit ratione vel. Cupiditate magnam dolores nihil aliquam sequi delectus. Voluptatem tempora sit quidem tempora autem culpa perspiciatis consectetur. Autem aut minima a totam corporis provident. Harum at occaecati at aspernatur. Aut et nisi harum. Aut ullam sint culpa dignissimos debitis illum. Quidem voluptas tenetur ut reiciendis praesentium deserunt reprehenderit. Culpa molestias nihil nulla fugiat. Quo et nulla amet sequi harum possimus. Qui dicta quia placeat commodi. Sit iusto veniam aut consequatur distinctio. Quasi laboriosam omnis et aut facere fuga est qui. Voluptatem illum tempore similique doloremque impedit unde ut fugiat. Et nesciunt atque accusamus et dolores. Culpa harum voluptatem est nulla. Alias nesciunt quo ut provident. Officiis sit et placeat incidunt magni magnam laudantium. Dicta non a nostrum culpa. Ut voluptatem dicta minima deleniti quo facilis dolores. Aut quam et est dicta odio. Ut nam labore et velit sint error. Atque eligendi consequatur autem. Incidunt id quaerat officia veniam ipsa aut. Et minima perferendis accusantium eveniet. Consequatur ut quia non omnis. Qui dolorum molestiae nihil vel aut. Ad assumenda beatae perferendis vel quam temporibus. Qui neque dolor repellat harum.'),(47,7,7,'quibusdam','Voluptatum rerum non eius porro enim enim. Repudiandae voluptatum iure exercitationem occaecati tenetur. Veritatis sed tempora quo minus cupiditate qui. Maiores veniam aut qui velit. Necessitatibus mollitia est nostrum voluptatem. Aliquid excepturi cumque sequi repudiandae aut. Et perferendis iure in quia officia at sunt voluptatibus. Et et et laboriosam temporibus est quasi dolores ut. In sunt earum fugit maiores quia et. Et eveniet assumenda magnam ut rem. Autem possimus consequatur fugiat ducimus rerum et. Rerum nihil necessitatibus consequatur occaecati cumque aut. Odit soluta mollitia mollitia officiis aut est. Dolor distinctio impedit corrupti. Quo quaerat accusantium eius ut et adipisci facere aspernatur. Ut iure tempore minima sed qui alias eveniet inventore. A placeat et quam ratione. Vitae ut magnam illo voluptatem nostrum unde. Minima iusto ut sit ut tempora quasi enim. Praesentium eveniet et minus ipsam. Non rerum et id aut excepturi. Sunt non dicta eveniet eum voluptatem culpa. Inventore similique totam reiciendis tenetur iste aut. Tempora odit voluptatem tempora aut possimus illo quia illo. Fuga voluptates vero deserunt molestiae. Dolores aut error et aliquam deserunt et. Quisquam eos quae vitae voluptatem iure. Culpa nobis et et qui natus consequatur. Voluptatem libero similique dignissimos reiciendis praesentium ullam. Qui quae non aliquid aliquam sed corporis. Dolor repudiandae magni fugit aliquid. Dolorum ea sunt est molestiae. Et rerum fuga quis enim placeat debitis ullam. Et ratione ipsam voluptatem est. Possimus animi sequi illum unde pariatur. Est quia ut nulla corporis. Similique sed expedita occaecati eos sit est. Voluptatem eligendi alias ut consequatur cupiditate odit voluptas. Est voluptate et omnis eligendi illum esse sit. Non eum quasi cumque magnam sit magnam quis. Est autem aut non vel sunt. Deserunt exercitationem consequatur natus quasi qui quod expedita.'),(48,8,8,'sunt','Quae excepturi repudiandae est est iure aut nihil. Voluptatum placeat qui molestiae veniam sit cupiditate reiciendis. Ullam expedita expedita natus ea aut. Suscipit quo voluptatem facilis nihil magni voluptatem. Necessitatibus alias nihil est ipsam. Sint quasi nostrum aliquam eius accusamus ut. Consequatur corporis velit laboriosam ut esse explicabo. Et et voluptatem cum porro et. Libero dicta ut sequi est autem. Et blanditiis et qui iste doloribus suscipit. Doloribus quasi voluptatibus quidem mollitia fugit est ex. Est officia quod blanditiis. Possimus est quia reiciendis consequuntur laborum rerum. Omnis assumenda laborum assumenda et in fuga. Atque ut repellat exercitationem ducimus quam rem molestiae et. Exercitationem non error iure debitis. Consequatur ipsum aperiam aliquid qui illo dolores laborum. Voluptate in ut autem recusandae est inventore et. Dolorum ut qui cumque vel deleniti saepe. Nostrum voluptatem minus est aliquam. Ipsa et saepe sequi velit corporis ullam. A et doloribus natus qui doloribus excepturi et. Molestiae libero quibusdam tenetur quia quia deserunt iste. Velit suscipit tempore minima omnis quia harum facilis. Et aliquam consequuntur sunt vero tempora sit. Aspernatur est occaecati quo vel sed in. Velit sunt accusantium tempora exercitationem inventore earum. Ut occaecati placeat hic molestiae recusandae fugiat. Vel et distinctio rerum quas non ratione. Commodi ipsa dolorum totam. Nobis et quisquam quis aliquid nulla. Ut amet tempora blanditiis commodi et provident ipsum. Repellendus minima repudiandae cupiditate laudantium a velit alias. Omnis impedit omnis quibusdam aliquam consequatur aut. A adipisci voluptatem doloremque aut quia natus. Sed ea a ut est ratione. Voluptates et nihil rem itaque necessitatibus tenetur.'),(49,9,9,'et',''),(50,10,10,'provident','Expedita optio neque laborum qui. Aspernatur earum voluptatibus aliquam voluptates qui ut vel ut. Quia quae quis eum quia et. Sunt voluptatum voluptatem quidem quaerat. Est eius nisi est id doloremque dicta. Reiciendis neque temporibus sit voluptatum libero omnis id. Rerum accusamus in fugit modi sequi nesciunt ut. Ut praesentium et quis et voluptatem consequatur omnis mollitia. Nihil magni et voluptas totam voluptatem dicta et nisi. Laboriosam dolores et laborum omnis ea aliquid. Nisi qui aspernatur voluptatum mollitia voluptas et labore enim. Et perferendis fugiat voluptatibus et molestias velit. Facere et corrupti et laudantium. Corrupti dolores porro molestiae. Id pariatur voluptatem ea adipisci. Eum ex aut ut sunt aut voluptatem. Mollitia nesciunt quia quia sunt sit. Est iure saepe officiis voluptatum tempora. Animi tempora et reiciendis amet harum ratione. Rerum corrupti quia dolorem illum aut voluptatum consequatur. Omnis quia dolorem neque ut magni aut quo. Voluptatibus amet porro labore incidunt facere. Iusto nam dolor dolor minus quis. Cum deserunt sit ea et consequatur doloribus. Tempora provident eaque sint possimus laboriosam iure labore. Sint suscipit et vero. Omnis excepturi quibusdam et quo dicta.'),(51,11,11,'quod','Ex in aut eos sed aspernatur quam sunt. Quos temporibus excepturi sed et reiciendis. Voluptas voluptas qui aut doloremque. Quia laudantium excepturi suscipit ut corrupti molestiae quibusdam. Veniam quia sit minima voluptatum ab est. Quaerat sunt est eum vitae ad. Rem vitae qui ut et suscipit. Quibusdam dicta corporis eaque eum rerum. Dolorem qui et a odio enim inventore. Reiciendis cum aut amet impedit. Aut quidem quo quia eos quasi et. Et sed non laboriosam magni. Aut sint natus veniam sed. Ut itaque voluptates odio et ut ullam quos. Ut ipsum eveniet aliquam eum ut magni. Eum aut sint sed omnis ut rerum. Ullam ipsam minus vel accusamus occaecati. Quidem cum aut vel occaecati unde veniam. Quo est quibusdam a perferendis dolor ratione ratione. Consequatur sunt consequuntur et. Dolorum consequatur laboriosam eum reiciendis et. Rerum accusantium necessitatibus dolores hic consequatur iusto. Fuga odit a nesciunt omnis ipsum dolor. Molestiae quasi quae praesentium voluptas. In quidem autem aut praesentium est natus eos. Corrupti et quisquam sed voluptatibus accusantium nesciunt. Nobis vero ut quidem laudantium ipsa vitae nobis. Quo incidunt odit reiciendis rerum molestias aut vitae. Aperiam est quam ipsa. Labore atque quas ut quia est architecto earum. Necessitatibus provident error voluptas explicabo illo molestiae praesentium. Repellat doloribus in iusto ut et voluptatem. Aliquid rem beatae quasi voluptate voluptas officia. Et molestiae vel corrupti quas voluptas. Eveniet debitis impedit expedita odio qui quia. Aliquam dolorem nam illo. Necessitatibus molestiae perspiciatis eveniet corporis. Est ipsa voluptates voluptate reprehenderit quidem. Corrupti harum consectetur rerum odit in. Esse rerum minus fuga quaerat sunt sit.'),(52,12,12,'nostrum',''),(53,13,13,'et','In temporibus quas illum consequatur dolorum. Non voluptatem et non consequatur et. Sed quos voluptates distinctio optio saepe. Libero necessitatibus delectus quia voluptatem vitae ullam. Architecto facilis minima officia quia at fugiat rerum. Consequatur sapiente tempore voluptate. Consequuntur et in repudiandae dolore alias voluptatem. Est porro molestias ad qui. Quo incidunt mollitia sed accusamus sed non libero. Ut sed nemo et ea dolorum. Neque dolores facere quia odio est. Quia neque iusto temporibus reprehenderit et eos consequatur. Error quo facilis ab aut. Eos distinctio aliquid provident sed assumenda officia velit totam. Sed nesciunt quod reprehenderit ut. Et totam et et at. Magnam quibusdam soluta harum earum repellat. Laboriosam ratione quisquam et earum ut aut iure provident. Iure est atque quia. Blanditiis totam omnis dicta id neque. Modi at atque id fugit. Dolor quod quasi ea et et mollitia. Excepturi libero voluptate architecto at. Aliquam veritatis ut natus ut accusantium alias sit iusto. Maxime praesentium culpa eum numquam.'),(54,14,14,'vero',''),(55,15,15,'quis',''),(56,16,16,'totam',''),(57,17,17,'omnis',''),(58,18,18,'officiis','Voluptates qui est aspernatur veritatis. Id non voluptas eum ratione illo iste reiciendis aut. Alias accusamus ex blanditiis vel ex sed vitae. Debitis est aliquam vel cum tempora eligendi consectetur sit. Fugiat et sed voluptatem maiores. Fugiat quia qui iure nesciunt. Natus est cupiditate ullam et rerum sequi culpa. Neque modi suscipit tenetur aliquid enim suscipit sint. Quibusdam et commodi sunt enim nobis. Non ipsam cupiditate vel molestiae debitis. Maiores iure et rerum quia. Iste quod eligendi earum rem optio exercitationem exercitationem tempora. Ipsam architecto facere culpa mollitia. Ut labore sint ducimus est maxime. Aut dolores et aut maxime molestiae consequatur ratione et. Consectetur ea veritatis facere. Nostrum qui commodi eum mollitia pariatur alias. Provident et vero distinctio ratione ut tempora. Et placeat esse voluptas consequatur. Sit quis ipsa libero. Illum quia qui et provident. Aut animi veritatis commodi corrupti. Suscipit accusantium omnis enim sed temporibus. Sunt et ipsa quis quia. Odio quia at qui sit ullam quia. Minus earum ratione rerum laborum sed vitae. Minima qui fuga suscipit amet. Quia velit nihil qui quia distinctio libero commodi temporibus. Dignissimos sunt laudantium eaque eaque impedit. Laudantium iusto praesentium incidunt necessitatibus quas natus sequi. Nobis dicta incidunt quam. Incidunt assumenda natus dolores molestiae placeat minus non. Nemo aut praesentium et. Quia illo aut vel modi assumenda quidem cupiditate. Eligendi sapiente molestias et et aut aut suscipit.'),(59,19,19,'iusto',''),(60,20,20,'laborum','Vero voluptatibus dignissimos dolores. Et aperiam neque et numquam nesciunt qui. Consequatur corrupti consequuntur voluptates unde. Dignissimos ut ea odit totam et. Exercitationem numquam qui ipsa facilis. Corrupti laboriosam vel voluptas sed rerum consequatur libero. Laudantium odit tempore et. Fuga fugiat quaerat quia. Ut autem eum non eum atque. Repudiandae natus et quia eveniet. Voluptatem et consequuntur voluptatem et libero. Fugiat incidunt esse ut non voluptates. Dolores saepe qui est vel. Rem est recusandae aliquid ratione impedit aut. Aut sunt sequi ratione quasi omnis. Quia reprehenderit aliquid error odio accusamus sunt nihil animi. Doloremque esse molestiae quo aut explicabo optio. Aut impedit modi beatae et. Tenetur cupiditate veritatis animi et repellat. Blanditiis veniam assumenda ut quia molestiae. Porro quos quia consectetur eligendi vel dicta deleniti. Qui debitis qui qui delectus dolores. Illo distinctio et aut tenetur unde. Quam ut ea est enim. Accusamus dignissimos beatae aspernatur. Beatae porro aperiam ut est et.'),(61,21,1,'aut','Sint harum architecto velit atque minus est inventore et. Earum dolores distinctio sit sit eaque. Vel officiis autem nemo. Nihil voluptate debitis officiis ut nulla. Ut omnis dolores illo aut minus assumenda et in. Aspernatur tenetur unde itaque dolores perferendis ipsum non. Aut aperiam corrupti et dolores sint consequatur praesentium earum. Et sint totam quia mollitia perferendis veritatis doloribus. Quod hic qui et et vel eum. Harum praesentium sunt velit at. Fugit rerum qui veniam quos eum temporibus et. Id repudiandae qui quibusdam laborum est. Dolorem provident ratione amet minus ducimus voluptatem. Et eum at dolor. Cupiditate et ut incidunt. Aperiam nemo esse esse et sunt sint. Laborum rerum et dolorum est. Iusto veritatis illo nostrum accusamus laudantium et maiores est. Voluptatem quibusdam molestiae quasi. Sunt recusandae facere sunt voluptatibus consectetur aliquam. Sit blanditiis vero id voluptatem dolor quod quidem asperiores. Doloremque est facilis earum sequi quidem in.'),(62,22,2,'voluptatem',''),(63,23,3,'vero',''),(64,24,4,'rem','Reprehenderit fuga natus libero eius rerum. Nihil beatae aut quo exercitationem. Ex aut delectus fugit veniam ex. Excepturi et rerum fugiat itaque laborum. Est reiciendis dolores occaecati inventore et totam. Assumenda dolore impedit repudiandae ducimus dolorem consequuntur et. Ut nobis velit porro ipsum illo unde quibusdam qui. Minus quia sed consequatur ipsum rerum inventore qui. Natus quam molestias hic quae. Consectetur dolorem dolor nisi et eos voluptates. Voluptas explicabo iste quia temporibus et dolorem. Iste consequuntur itaque similique reprehenderit. Reiciendis iusto laboriosam dolores deserunt perspiciatis numquam. Voluptatibus eum dolores optio ullam. Aut sit eos ut at. Quos est iste qui commodi nemo. Officiis ipsa qui odio ipsum laboriosam animi accusamus repellendus. Est deleniti officia et quia magnam. Minima libero omnis voluptatem quis vitae. Itaque commodi ut quis hic maxime quia vitae deserunt. Sed a delectus voluptate consequatur sunt. Voluptatum est quia quibusdam voluptate ut quam corporis repellendus. Qui repellendus quas et et quas quia veritatis. Temporibus fugit ab eum sed repellendus et quo. Explicabo assumenda repellat quia dolorem ullam voluptas occaecati. Incidunt sed dolor repudiandae velit numquam molestiae. Quo itaque hic ut debitis doloribus. Non possimus aperiam nisi et repellendus cupiditate soluta. Omnis accusantium recusandae numquam et rem repudiandae voluptatem. Occaecati dolor eveniet culpa atque nostrum. Earum ratione aliquam earum consequuntur. Et et vitae qui sint numquam. Ab nesciunt rerum et iusto. Rerum inventore consequuntur sint omnis aperiam ad vitae. Eius in ratione repellat est consequatur. Assumenda itaque rerum totam vel qui repudiandae. Sed alias doloremque odio nihil.'),(65,25,5,'qui',''),(66,26,6,'occaecati',''),(67,27,7,'tempore','Ducimus autem facere odio nesciunt. Qui rerum asperiores laudantium. Rerum tenetur ut quia sit et accusamus. Ipsa aut ut fugiat aut aut nihil. Perferendis illo voluptas eos dolor sequi doloribus itaque unde. Et enim voluptatem fugiat aut ullam sit sed. Placeat odio necessitatibus excepturi amet ducimus iusto et. Explicabo assumenda deserunt sed. Provident voluptatibus non et qui fugit. Numquam quia laudantium non delectus placeat voluptatem fuga amet. Autem ut cumque quod sit molestiae magnam culpa. Nulla recusandae odit vitae ea aliquid. Dolor autem ullam labore omnis et. Quae veniam officiis quis maiores. Quaerat ex dolorem laudantium ut praesentium. Architecto saepe consequatur sequi ut in. Perspiciatis incidunt eum consequatur. Sapiente sed repellendus est voluptatem libero laudantium. Rerum consectetur pariatur culpa dolorem autem sed voluptatibus. Aut autem deserunt nihil facilis qui. Ut a repellendus veritatis earum eos omnis autem. Quia minima itaque quas itaque voluptatibus tempore. Quis dolor harum quia laboriosam excepturi minima. Tempora fuga odio non quas optio sed delectus suscipit. Non ut consequuntur eos officiis libero fugiat animi. In laborum sit atque laborum facere vitae. Sed exercitationem qui at neque. Et nam ratione quis dignissimos blanditiis qui et. Excepturi eum quae aspernatur recusandae ut vel asperiores. Quibusdam ad maiores reiciendis non quibusdam eos et tempora. Tempore ex dignissimos deleniti impedit vel repellat sint. Omnis magnam est et et. Ratione laborum cupiditate aliquam sed voluptatem laudantium. Omnis rerum quae quis voluptatem. Voluptatem aut ipsum ut quae facere error sequi doloribus. Quis id totam dolorem dolores aliquam porro est.'),(68,28,8,'aperiam','Nobis temporibus occaecati fugiat deserunt voluptatem enim. Temporibus dolor unde delectus sed. Et praesentium reiciendis dolores eligendi. Sit placeat nostrum ea voluptates ut ea ut. Assumenda et omnis blanditiis distinctio qui similique quasi. Ab molestiae doloribus rerum ab sit. Velit minima tenetur omnis sunt repudiandae. Quos eos a rerum illum non. Cupiditate expedita mollitia consectetur voluptas quidem harum. Et aut et culpa dolorem. Enim vitae aliquid sint veniam perferendis doloremque. Alias laudantium sunt iusto sint saepe. Itaque sed nesciunt sit perspiciatis molestiae sed mollitia. Ipsum iure esse sapiente iure. Voluptas recusandae accusantium dolorem nobis placeat est doloribus alias. Praesentium numquam corrupti facilis omnis. Ad magnam eaque nam et. Sed quisquam aliquam aut aliquam sit. Sunt omnis non odio. Labore voluptatem quo modi voluptatem. Fugiat fuga placeat qui eos quo et. Iure officiis blanditiis quis sit vero debitis eos explicabo. Aut nobis perspiciatis eius dolor earum et atque odio. Quas vel doloribus placeat quas sit consectetur harum. Dicta aliquid voluptas quia. Ad rerum non quia dicta illum quasi nemo. In deserunt voluptas vel architecto ut et. Et dolor consequatur inventore. Magni tempora quam impedit excepturi distinctio ut. Sit accusantium quia excepturi qui libero rem eum quia. Occaecati praesentium ad necessitatibus asperiores qui dolorem vero. Eveniet enim pariatur aliquam magni praesentium et nemo. Minus veritatis et id repellendus ut iste perferendis. Modi ratione labore dolor fuga reiciendis. Ea hic enim exercitationem dolorem. Necessitatibus praesentium quae incidunt soluta eos debitis. Incidunt laboriosam vero sed placeat. Dolorum quidem eaque inventore illum. Maxime et voluptas rerum nulla eaque magni quasi. Voluptatem aut quam repellat esse aut quaerat odit. Quis et explicabo rem quo. Tempora eos consequatur dicta ab doloremque repudiandae.'),(69,29,9,'amet',''),(70,30,10,'est','Velit voluptas quam et fuga odit occaecati. Quia ab eligendi fuga porro natus iure. Nostrum sit deserunt dolore nesciunt quos. Veniam nulla natus labore voluptatem. At adipisci corrupti quia asperiores dolorem. Consequatur et voluptatem ut. Numquam ea dolorem delectus rerum vel nisi. Repellendus maxime enim voluptate unde veniam. Quis et cupiditate ratione non eos ipsam aliquam. Accusantium est sequi quia architecto minima. Sit vero ea sequi odio quam. Unde ut velit aut quia eum ut qui quam. Impedit esse hic assumenda rerum ut quos. Veritatis repellendus nostrum sapiente voluptas. Qui natus maxime dolore maxime aut. Consequatur qui recusandae qui non. Fugiat nulla asperiores aliquid voluptatem beatae et. Quos eaque nostrum architecto sit hic delectus possimus doloribus. Aut repellat sed quo sed id. Nobis et illum corrupti. Esse libero error nulla recusandae iste illo rerum. Consequatur delectus accusamus quos aut commodi error nulla. Quia et eum earum blanditiis alias. Vel cupiditate suscipit nisi qui mollitia aut fugiat. Mollitia itaque ex non voluptatem qui vel. Temporibus voluptatum qui culpa voluptas qui. Neque ut id cum et. Iusto neque tenetur magni dignissimos ipsam maiores officiis.'),(71,31,11,'et','Non sequi laboriosam in et. Sapiente numquam veritatis est consequatur. Amet et quo facilis ex. Blanditiis ad occaecati praesentium accusamus qui animi. Deleniti ullam ut ex odit iure. Nam adipisci illum aut ullam ut a quibusdam. Fugit cumque sit consectetur quasi placeat. Dignissimos sint illo sint. Fugiat nam a praesentium. Possimus fugiat harum laboriosam quas. Iure quia maxime deserunt dolorum iste. Laudantium illo dolores nostrum molestiae voluptatum eligendi excepturi magnam. Et distinctio repudiandae praesentium odit. Reiciendis sed optio suscipit qui sint illum accusamus. Consequatur reiciendis perspiciatis dicta. Ad corporis aut ut est nobis. Excepturi hic in itaque nobis tenetur. At eaque dolores itaque et quia. Quas quis animi aut sint suscipit laboriosam quia. Omnis labore qui debitis dolorem corrupti. Ut sit cupiditate natus accusamus molestiae dolorum aspernatur. Quis quis qui quaerat. Qui non aut sint aliquid ratione possimus. Mollitia est id itaque est et aperiam. Dolores ut eum aut in.'),(72,32,12,'velit',''),(73,33,13,'ut','Dignissimos totam et quae consequatur. Neque molestias consequatur libero eligendi inventore ut quisquam. Aut dicta eos amet laudantium velit. Magni distinctio sequi delectus velit commodi et quia. Et itaque aspernatur vel veritatis dicta dolorem et. Ipsam aut suscipit sit magni blanditiis non voluptatem. Unde in incidunt vel molestiae facere. Eius sequi omnis ut culpa consequatur corporis iure et. Blanditiis ut nobis officia tenetur et in. Non in illum iusto quis. Molestias cumque quibusdam sed autem necessitatibus excepturi. Hic cupiditate consequuntur eius ducimus nesciunt. Alias explicabo et similique nam quisquam suscipit. Exercitationem ea voluptas eos quas vel alias ratione. Nam consequatur enim et fugiat quaerat consequatur deleniti. Placeat laboriosam totam aliquid incidunt quas minima quibusdam pariatur. Qui delectus voluptatibus quod atque. Debitis in iste enim dolores. Ratione omnis consequuntur cum animi. Excepturi aut eos sit est aliquam. Quaerat dolores veniam earum porro corrupti. Aut odio et commodi voluptatem saepe. Non sunt qui nostrum dolorum similique perferendis qui. At quibusdam odio voluptatem deserunt. Temporibus in non distinctio vel quibusdam quaerat atque excepturi. Et in exercitationem et sed voluptatem ad et. Vel exercitationem excepturi incidunt perferendis iure. Mollitia et assumenda sint adipisci aperiam. Ipsam amet est id et cumque. Rerum quibusdam saepe dolor voluptatibus occaecati deleniti deserunt. Quis ratione enim placeat ipsam tempore et. Ea maiores ut iusto possimus quibusdam beatae beatae nihil.'),(74,34,14,'qui','Temporibus omnis rerum accusamus excepturi deserunt reprehenderit. Ex autem possimus expedita dolores aut deleniti doloremque. Tempora laborum enim quod aut. Deleniti itaque aliquid incidunt vel eveniet aut. Fugiat animi at dolore facilis quibusdam nemo modi. Qui vero totam est consequatur nobis. Nemo soluta velit corporis repellendus id excepturi fugit. Facere aut excepturi molestias dolore deleniti. Quibusdam explicabo tempore quas voluptatibus. Quidem praesentium a eos accusantium quam ea. Laboriosam iste impedit praesentium et. Illo quisquam eligendi et ea. Explicabo voluptate id aut alias accusantium nam qui ut. Labore quis officia dignissimos magni. Illum omnis ipsum fugit aspernatur ab occaecati consectetur. Eveniet natus dolores dicta consequatur perspiciatis velit maiores. Dicta veniam dolores ipsa qui sapiente sequi iste. Voluptatem deserunt eum exercitationem et. Praesentium est doloremque tempora aperiam placeat quasi soluta. Vitae necessitatibus explicabo omnis aliquam ratione ut. Velit inventore consequatur amet sit. Sed incidunt aliquid eum dolore. Quisquam eaque debitis odio fugit accusamus. Dolores et fuga expedita officiis voluptatem nobis eos. Eaque blanditiis non repellat dolorum. Et temporibus nostrum aut deleniti. Unde optio delectus qui adipisci est quia. Pariatur neque sit eius voluptates debitis laborum alias. Neque accusantium est sit quia. Praesentium amet magnam saepe rerum aspernatur. Reprehenderit quasi veniam eos amet accusantium excepturi. Dicta deleniti perspiciatis nihil sunt amet voluptas. Eaque sit minus officiis laudantium officiis ducimus. Eveniet enim ex ut quae impedit rerum non. Atque ut incidunt sequi laborum. Amet consequatur id non inventore autem. Odio veritatis itaque reiciendis dicta tempora. Aliquid minus quas consequatur facere neque aliquid. Saepe rerum perferendis vero quasi aspernatur. Quas sit inventore qui adipisci ut. At non ut non dignissimos et dolorem. Voluptates ex cum animi quis porro nisi.'),(75,35,15,'quas',''),(76,36,16,'quidem','Velit fugiat aspernatur consequatur odio fuga dolores soluta. Animi modi ullam placeat minima enim. Illo accusamus consectetur aut est esse. Aut aspernatur suscipit assumenda et quis fugit iste. Atque pariatur voluptatem nihil reiciendis quo sunt illum. Sapiente soluta ut nemo voluptatem beatae voluptatibus veniam est. Ab architecto animi vero voluptatem. Quia dolore quod maiores voluptas aut unde. At nesciunt molestiae occaecati ea aut quo eos incidunt. Qui voluptatum aut aut laboriosam ratione architecto sunt. Dolor quod nesciunt fuga voluptatem repellat non. Ratione delectus a rerum facere. Ullam ipsam velit et debitis eos aut ratione. Perferendis qui vitae voluptates mollitia. Neque corrupti laudantium magnam eos soluta ut ipsum. Non dolore expedita sed officia ipsum facere dolor laborum. Placeat dolore non tenetur. Id sint ratione sed totam. Perspiciatis dignissimos asperiores eligendi doloremque natus. Aut aperiam id nostrum illo consectetur ipsam quia. Reiciendis nisi omnis sint dolorum. Officia eos consectetur quaerat minus culpa libero voluptas. Ipsum ut aut dolor quos beatae labore voluptatem. Qui cupiditate necessitatibus quis laudantium aut. Sapiente magnam numquam pariatur provident omnis quae. Modi numquam perspiciatis odit et nulla aut. Debitis debitis corrupti tenetur aliquam nostrum voluptas qui. Et quo culpa dolorum voluptatem.'),(77,37,17,'sit','Est provident et delectus reprehenderit cupiditate natus ex. Ut cumque quisquam sed est omnis accusamus vel. Voluptatibus dolorem rerum aperiam porro quam ut. Qui ipsa asperiores nesciunt perferendis accusantium officiis veritatis. Iste reprehenderit id et necessitatibus asperiores excepturi. Et est quia voluptatem commodi totam magni. Est nam ut qui molestias velit. Nihil quasi autem occaecati qui in nisi. Dolor qui autem dolorem. Sint velit totam ut sed quae. Voluptatibus ut cum nihil iste. Ut nihil laboriosam itaque nesciunt eaque. Et maiores nam quos inventore. Magnam qui libero et dolorem esse id. Tenetur veritatis aut omnis. Non omnis dolore dolorum numquam aut qui. Reprehenderit quod similique distinctio qui nam. Corrupti maiores tempore autem consequuntur corporis quo. Et excepturi molestias ut nisi aut perspiciatis nemo. Minus atque odio aspernatur dolores laudantium. Tempore possimus id et sed molestiae eos impedit. Facilis doloribus veritatis et doloremque. Ullam quia quia ducimus aut pariatur repudiandae. Et eum error omnis saepe rerum commodi. Exercitationem qui dolore asperiores. Quisquam tempora rerum repellat deserunt quo officia. Molestias consectetur voluptatem consequatur similique. Tenetur provident aut repudiandae necessitatibus. Sunt non architecto aspernatur nihil ad repellendus. Sint sequi non laborum inventore. Sed aut reprehenderit saepe sed aut nisi. Perspiciatis dolores fuga repudiandae. Officia accusamus qui doloribus nam adipisci omnis.'),(78,38,18,'omnis','Et quis itaque neque. Ab ad commodi odio aliquid et corporis eveniet. Non velit deleniti iste id. Quasi et nihil voluptatum ut cum. Similique repellat deserunt vel ut omnis ad. Fugit adipisci cupiditate rerum dolorum reiciendis est. Quia voluptas doloribus accusantium et sed laboriosam sint. Animi dignissimos voluptatum non quis quo possimus nisi. Ipsa numquam labore aperiam et molestiae eum et. Ut omnis sed similique maiores. Laborum et facere eos nisi. Pariatur molestiae repellat aut voluptatem quod deleniti cumque. Velit aspernatur qui officiis itaque aut natus. Qui et provident ut voluptas. Harum assumenda numquam nihil reiciendis dolores velit est. Delectus voluptatem quibusdam dicta labore harum. Nam minima sunt accusamus asperiores. Omnis quibusdam aspernatur minus occaecati. Ad qui odio commodi quia aut ea consequatur eos. Rem voluptas harum aut autem. Facere molestiae officiis totam mollitia velit ea. Delectus alias alias est eligendi cum tenetur sed. Molestiae qui deserunt eum odio. Aut at autem magni velit aspernatur.'),(79,39,19,'cumque','Exercitationem cum et accusantium veritatis non possimus et. Et in autem rerum dolor aut repudiandae. Dicta corporis quo deserunt consectetur itaque quidem veritatis. Dolore voluptatem ut excepturi iusto. Illo architecto ut consectetur laudantium qui explicabo eius quis. Corrupti soluta magnam earum unde. Ducimus suscipit unde et et et. Optio hic alias ut ducimus. Delectus dolores dignissimos rerum omnis dolorem iure error. Sit sunt consequatur in odio minus. Neque fuga et ut ab eum. Non consequatur voluptatem aliquid veniam aliquid hic. Repellat dolore doloremque quos nulla. Sint facere incidunt quae. Est iusto quos aut corrupti at ipsam ducimus quia. Non autem fugit est et veniam quos explicabo. Sed in expedita dolor aut dolorum illo. Veritatis et ratione perspiciatis dignissimos corrupti. Molestiae aut est reprehenderit pariatur omnis. Ipsum eveniet culpa molestiae unde vel eos voluptates. Iure eum architecto consectetur earum praesentium et sapiente. Ab laboriosam tempore neque assumenda deleniti. Quaerat in natus adipisci nulla ea. Consequatur assumenda occaecati veritatis rerum et distinctio sint. Voluptas nihil est neque. Sit rem explicabo id eos sed.'),(80,40,20,'maxime','Quo dolores suscipit perferendis nisi repellat. Adipisci soluta in voluptas eum non. Consequatur quibusdam repellat modi. Magnam autem expedita velit. Dolor velit fugit eos corporis nobis. Non sequi tenetur facilis est. Consequatur nostrum reiciendis sapiente ut optio dolores. Est praesentium architecto enim impedit error aspernatur. Natus quos voluptatem qui ratione voluptas. Accusamus veniam minus corrupti natus rerum suscipit. Et qui pariatur ut possimus totam modi exercitationem. Rerum culpa soluta dolores molestias. Vel velit ratione magnam debitis natus voluptatem molestiae earum. Quaerat fugit est ipsam doloremque officia sunt nesciunt. Asperiores deserunt quis et est delectus qui. Alias rem veritatis voluptas. Nesciunt aut nisi consequatur quia quasi praesentium excepturi debitis. Voluptates est molestiae rem perferendis voluptas excepturi. Neque placeat corrupti id voluptates eaque. Eos dolorem harum nobis eos ut quisquam. Eligendi atque et officia quis. Ducimus nobis qui sint eius in sequi. A aut animi distinctio quia delectus aut. Consequatur minus quia rerum iusto fugiat nesciunt. Sed cum harum est magnam autem non et. Voluptatem sed quos illum ipsa quidem. Qui nemo et incidunt rem nisi qui esse. Maxime illo repellat aliquid porro asperiores ab. Iste occaecati sit quae quo enim sit voluptatem. Voluptate velit cupiditate dicta enim nesciunt.'),(81,1,1,'similique','Odit ea id natus eos asperiores magnam. Qui dolores atque non ut sit inventore. Velit sunt cupiditate vero aspernatur unde. Sunt corporis officia repudiandae quia laudantium est voluptates. Quo inventore nihil sint unde voluptatem quia neque. Possimus atque iste inventore iusto placeat. Nam provident perspiciatis molestias assumenda tenetur. Est harum et blanditiis dolores quas corporis. Cupiditate laborum sed nam sint. Est sint recusandae est in fuga cupiditate consequatur reprehenderit. Voluptatibus saepe est occaecati ipsa voluptatem consequuntur optio impedit. Eveniet similique iure hic. Eum ut incidunt odit assumenda quasi et corporis excepturi. Sed est omnis deleniti dignissimos. Qui voluptas id aut ab. Dolorem dignissimos eum tempore qui quod. Eligendi enim aut magni voluptatum et. Unde nostrum odit sit sunt vel. Libero impedit consequatur dolor accusantium nihil odio. Illo hic consectetur nihil nulla odit nesciunt. Enim non nisi accusamus qui qui. Quisquam vel at doloremque voluptatem fuga. Blanditiis quo quia nostrum nulla et id. Neque amet magni ut. Natus nemo ducimus consequatur. Earum sint similique laborum veniam aut et vero tempora. Ducimus officiis eveniet voluptas.'),(82,2,2,'voluptatem',''),(83,3,3,'sint','Eum perspiciatis earum aspernatur rem blanditiis molestiae. Aut quo impedit laudantium rerum aut inventore beatae. Aperiam numquam ipsam molestias veritatis sit voluptatem. Voluptatem ut deserunt modi odit praesentium dolor. Nostrum at laboriosam quidem suscipit doloribus nam dolorum. Ab vel earum dolorem repudiandae. Iure repellat et culpa illo voluptatum. Odit libero ut autem aut sed ex. Earum cum nihil totam. Ut sint voluptas eveniet libero. Accusamus asperiores ratione placeat officia sed. Consequatur molestiae corrupti ex fugiat. Et sint ipsa ea et. Eligendi quae quibusdam dolorem alias cum ut. Et eius dolorum voluptatem porro. Totam ullam voluptatem aut laborum rerum. Hic qui sequi fugit enim qui itaque. Eius et magni nihil ea necessitatibus ea corporis. Eius expedita quas maxime eum. Impedit sint beatae voluptates qui eos quia cum fugiat. Ab voluptates vel laudantium aut quod minima. Quod tempora laboriosam facilis quia repellat. Accusamus consequatur impedit saepe delectus. Aut voluptatem molestiae dolores aut vitae officia sint. Velit odio fuga et ipsam. Reiciendis eveniet reprehenderit nostrum minus ratione adipisci necessitatibus. Quis labore tempora quia commodi eligendi ut odit. Maiores laboriosam ex accusantium numquam hic omnis et recusandae. In esse deleniti sequi et laborum. Ullam commodi sequi ea earum iste laborum enim. Voluptatibus in reiciendis odit consequatur esse consequatur est et. Qui quaerat ut qui accusamus maxime tempore. Est veritatis et exercitationem nulla ex autem architecto. Eaque ratione dolores perspiciatis asperiores. Maxime ducimus sint accusamus. Molestiae natus perspiciatis sint consequatur iusto aliquam officiis accusamus. Libero non rerum inventore tempore quasi.'),(84,4,4,'ut',''),(85,5,5,'consequatur','In veniam ut minima harum. Eos aut eligendi quod voluptas sunt. Voluptatem facilis dignissimos ut alias maxime. Excepturi id in adipisci eos voluptas iste et autem. Qui quia fuga quia. Recusandae modi repellendus voluptas in. Voluptatem voluptatibus ipsam minima rerum quia dolore asperiores. Quibusdam similique officiis et facilis quisquam debitis iure qui. Sunt voluptates dolor culpa. Dolores porro omnis consequatur dolorum quibusdam qui repudiandae sunt. Repellat dicta odit provident ipsum. Rerum consequuntur perspiciatis rerum minus. Ut impedit hic sapiente assumenda dolorem qui consequatur. Optio nisi aspernatur sit consequatur. Incidunt modi deserunt veritatis molestiae id enim ullam qui. Quas aliquid id aut voluptatem veritatis asperiores sit. Consequatur voluptas eaque esse ullam. Quos quo voluptatibus facilis recusandae eveniet velit quisquam. Laudantium distinctio magnam veniam id temporibus. Sed pariatur quia qui magni nesciunt consequatur. Porro cum in aut ut praesentium quasi. Quis voluptate dolor dolore omnis odit. Et nobis doloremque expedita aut. Voluptatem aut optio et aut et illo quo dolorum. Est rerum cum sint alias magnam consequuntur. Aliquid occaecati omnis esse dicta molestiae et.'),(86,6,6,'et',''),(87,7,7,'nemo','Adipisci et unde adipisci et omnis. Maiores sit eum aut quos. Dolorum quia sapiente laboriosam omnis. Cupiditate consequatur voluptatem sapiente atque quod. Nesciunt magnam ipsa illum qui porro sed odit. Iusto fuga accusantium atque in numquam facere voluptatum. Hic voluptatibus illo vero tempora occaecati. Quo omnis sunt voluptatum consectetur. Sed dolor repellendus et deleniti aspernatur nostrum. Omnis aut et dolorem deserunt. Voluptatem nulla non dicta deserunt est eius dolor repudiandae. Rerum nulla officiis officiis dolorem laboriosam quis. Sit illo laudantium nihil est sint consequatur. Qui accusantium recusandae qui earum qui nam totam sed. Laudantium dolores dolor facere aliquam. Eius aut et iure ut voluptas. Et optio iste voluptas eos non. Id odit nostrum asperiores quia eligendi quia ut. Sit laudantium placeat exercitationem ut voluptas. Fugit ea officia eum. Et dolores ad molestiae repellat. Voluptas tempora qui voluptatem sequi deserunt aut. Aut est sed est. Odio aperiam deserunt alias deleniti nam animi et commodi. Non quas cum velit placeat ullam et possimus. Tempore distinctio quasi rerum quae et. Fuga debitis quia totam aut ut officia quo aut. Inventore quasi voluptatem dolorem. Quidem velit et asperiores amet dignissimos itaque facere. Illum expedita blanditiis eum vel placeat blanditiis. Ea magnam vel ad qui voluptatem. Nisi quae qui magni deleniti impedit tenetur voluptatibus. Temporibus cumque et quo sapiente culpa. Labore officiis et consequatur dicta nulla consequatur qui voluptatum. Provident odio dolorum consequatur optio fugit sapiente aut cum. Officia ipsam et rem perspiciatis sit nihil molestiae. Et excepturi inventore quod est distinctio delectus et. Vel ipsum velit adipisci voluptate culpa. Vitae praesentium sapiente fuga voluptatibus et architecto tempore aut. Eveniet aut sed cum placeat aut impedit ea. Sunt voluptates recusandae expedita dicta.'),(88,8,8,'harum',''),(89,9,9,'deserunt',''),(90,10,10,'non','Ipsa fugiat sed sit cum culpa. Temporibus architecto consectetur a maiores illum earum. Dolores unde voluptate totam eos qui non. Assumenda necessitatibus sed sint voluptatem est consequatur. Et voluptatem nam rerum minus eveniet consequuntur. Quia nulla eaque sed. Deserunt tenetur iusto quidem quis. Cumque rerum dolorem dolores ad aut omnis corporis corrupti. Eos distinctio dolor aut corporis quis. Inventore nemo dicta in et veritatis. Dolorum mollitia eligendi facere aut voluptatem blanditiis libero. Nostrum sint omnis velit eos officiis. Numquam labore voluptas autem. Saepe debitis aperiam modi sit quo omnis voluptates. Rem omnis sunt id reiciendis veniam nihil quis accusantium. Consequatur ea sapiente itaque ipsam occaecati esse. Alias natus dolor omnis libero quis nemo qui voluptas. Recusandae cupiditate et voluptas aut mollitia qui. Corporis officia velit et ipsam quas velit eos. Id sit et doloribus et. Ut eaque eaque autem sint et rerum vel. Eum dolores id sapiente nesciunt iste eligendi. Totam sint expedita quisquam earum. Facilis aperiam quia sit nihil quos ullam excepturi. Debitis iusto quasi consequatur. Illo qui culpa ipsam nostrum. Ratione in vero quos. Dolores non voluptatem est commodi quod. Facere nam tenetur ab voluptas voluptas et quidem. Omnis debitis qui at nostrum molestiae. Vel voluptatum harum et sint omnis magni dolorem. Placeat enim quia voluptatem itaque harum ea. Non qui vel amet atque magnam ut eveniet. Aliquid sunt repellat aut velit qui qui sint. Voluptatem natus illo explicabo hic voluptatem et. Doloribus quod ex est inventore voluptatem quos. Aperiam explicabo dolorem unde amet error. Aliquam fugiat voluptates rerum aut minus voluptates. Non quaerat aperiam aliquam ipsam iste eum. Quia libero fugit consequatur corrupti.'),(91,11,11,'repellat','Officia culpa quos quaerat ut. Libero repellat numquam deserunt aliquid consectetur. Sit ut totam non aut. Nulla fugiat quas quos deserunt amet eos quaerat inventore. Nisi maxime laudantium numquam excepturi et ea. Ad asperiores omnis soluta vel deleniti occaecati unde. Quia aspernatur optio fugiat odio et dolorum vero. Praesentium tenetur enim est voluptatibus nesciunt assumenda recusandae sunt. Aliquam enim quo excepturi facilis sit reprehenderit incidunt. Reiciendis molestias sunt ut voluptatum minima neque. Et sint recusandae id sunt quasi qui aspernatur at. Eum pariatur inventore quas quia officiis. Molestiae doloribus rerum maxime eligendi illo eaque magni. Veniam soluta sed optio est. Id illum quo facere facilis. Dignissimos ut praesentium delectus voluptates inventore temporibus. Perferendis modi cumque modi doloribus quam aut. Placeat explicabo assumenda iure et non. Accusamus quisquam et cumque qui sit. Sint vero doloribus tempora mollitia corporis repellendus. Atque maiores rerum eligendi optio soluta consectetur quos. Velit accusamus debitis nulla nostrum vel id. Facere consectetur unde doloribus explicabo et quod nulla dolor. Qui non dolores quia tempore natus corporis. Magni omnis voluptates fugiat molestiae qui. Quas quis nostrum soluta vero sapiente. Ut placeat est mollitia odio. Omnis reprehenderit rerum voluptatem beatae iusto. Ut voluptate natus voluptatem accusamus fuga. Perferendis quaerat autem in quia quae. Assumenda voluptate asperiores laboriosam nesciunt illo.'),(92,12,12,'suscipit','Molestias hic mollitia aliquam est ullam aut. Nihil et natus voluptatem exercitationem magnam quod itaque. Impedit illo enim in ut sed quas illum. Excepturi et fugit recusandae nostrum ad est. Eius reprehenderit porro minus quo perspiciatis non. Aperiam laborum dolorem ipsa atque. Magnam repudiandae possimus veniam. Quia expedita sit natus quo. Minus perferendis quo fuga quia eum. Eveniet sed nihil laborum inventore omnis. Blanditiis ea ut laborum placeat. Nihil voluptatem totam sit soluta. Odio dolorem dolor ea assumenda voluptate minima alias. Repellat voluptatem corrupti commodi saepe laborum nostrum facere. Rem dolorem sed magni quidem officia beatae. Sunt nobis soluta facere recusandae. Enim iure fugiat vitae ipsum odio. Saepe ut et aspernatur harum. Nihil et molestiae architecto nam aut. Quia sequi nihil facilis rerum sunt qui. Quaerat quis quod suscipit a iste animi. Nobis vero sunt nobis nobis non reprehenderit in.'),(93,13,13,'sit',''),(94,14,14,'ad',''),(95,15,15,'ut',''),(96,16,16,'voluptate','Et ut ipsa non cupiditate nulla consequatur minus nobis. Reprehenderit ipsum veniam reiciendis ipsam consequuntur quia sed. Natus sequi ipsum maiores ut eius ut omnis ipsam. Et ratione nam aut eos similique harum. Id beatae eos qui et at labore. Ut porro optio commodi nulla facilis consequatur et animi. Autem enim et temporibus et et et. Expedita nulla quia vel dolorem vero non eaque. Ipsum facere autem accusamus sit deleniti facilis. Excepturi porro officiis mollitia optio alias minima. Porro qui est accusantium velit. Sit possimus error exercitationem sed enim sequi asperiores. Corporis perferendis illo sed accusamus maxime quis. Aut qui molestiae saepe magnam dolorem non. Sunt earum velit ducimus hic nihil voluptatum. Non qui earum animi nihil voluptatum totam. Et eligendi ipsam iure. Aliquam soluta voluptas nemo rerum dolores. Vitae quis ad voluptates est. Nesciunt saepe est dolorem numquam vel quidem. Enim excepturi dolorem nemo autem laborum tempora. Optio exercitationem dicta optio voluptatibus voluptatem sunt molestiae. Harum laborum sed temporibus deserunt corporis a voluptatem. Rerum sed aut soluta deserunt fuga nemo tenetur. Ratione qui exercitationem nostrum eum. Ad nobis eveniet voluptas et. Sed non aliquid voluptas amet quia. Voluptatem sapiente rerum magni. Tempore doloremque ut dolore voluptatem magnam ea non. Aut aut tempora rerum. A voluptatem expedita qui qui laudantium provident dolorum et. Voluptatem corrupti possimus in sed. Unde culpa iure magnam voluptatem totam velit quidem. Aut vero in aliquam voluptatem blanditiis. Eum hic rerum earum et voluptatum ut minima. Sint amet repudiandae necessitatibus corrupti in nihil. Accusantium nostrum ut voluptates nobis est qui et exercitationem. Odio magni a explicabo illum ipsum quae repudiandae. Omnis possimus tenetur at dolorum aut ad hic nesciunt. Harum aut et occaecati dicta magnam veniam autem. Sit perferendis esse tenetur. Explicabo dolorem unde totam voluptate illum esse fuga.'),(97,17,17,'ea',''),(98,18,18,'velit','Labore eum quia animi et ut rerum. Corrupti quo sed temporibus eligendi consequuntur et. Natus dolor dolorem aut praesentium provident molestias quibusdam. Occaecati enim placeat qui praesentium velit consequatur reiciendis. Repellat quis voluptatum consequatur veniam exercitationem nihil. Nulla sunt qui impedit nulla quis molestias eaque. Repellendus voluptatum eum natus molestias vero. Numquam odit accusamus reiciendis. Iusto ad itaque ipsam aut voluptate iure aut. Repellat aliquam eaque aut quis et quae. Et sunt fugiat laboriosam sequi temporibus temporibus eos. Vitae hic dolores et nam ducimus et eaque et. Laborum magni omnis aliquam qui delectus culpa voluptate. Dolorem quo et enim totam maxime eum dicta vero. Consequuntur quasi eveniet veritatis aut eius. Aut eaque voluptas laborum illo veritatis ipsum adipisci. Ut eos voluptas nihil iure. Ut vel rem accusantium qui eius aut ad. Omnis dicta qui repellat incidunt cupiditate a laborum. Aut beatae animi a et natus.'),(99,19,19,'rerum','Consequatur libero dolor aspernatur molestiae magnam. Facere aspernatur aut assumenda. Accusantium dolorum consectetur culpa explicabo. Quaerat corrupti aut distinctio. Sed quos debitis consequatur et officiis ut. Minus vitae et magnam dolor hic quasi aliquam. Pariatur quisquam impedit expedita ut ut id quam. Dolore aliquam dolorem officia quia aut nisi dolorem. Id perspiciatis cum molestias sint. Id eum et et commodi. Eius similique occaecati perspiciatis sit. Dolores eius deleniti ratione esse quaerat laboriosam eos. Possimus inventore error quia voluptatum aspernatur sed. Ea esse fugit repellendus maiores doloremque optio cupiditate enim. Eum quaerat ut ea harum aut odit. Et aut possimus magni temporibus in distinctio ipsa. Et eos et quia quis quam. Et iusto in esse autem ut eligendi provident. Quidem omnis qui quo. Quisquam asperiores qui necessitatibus suscipit. Voluptatem eaque animi at ullam nostrum voluptatem. Velit error sint repellendus qui velit amet doloremque consequatur. Veniam dolore ducimus praesentium voluptatum nostrum rerum. Omnis voluptas adipisci totam veniam minima. Pariatur est quo voluptas nulla. Optio sint iure quidem sit. Et vitae quia perferendis earum molestias. Nihil aspernatur adipisci amet assumenda unde autem. Natus ut ut ipsam doloremque. Et quo voluptatem hic necessitatibus dolores ut. Id dolore eos labore dignissimos voluptatem. Modi amet dolorem hic. Tempore fugit corrupti ut architecto voluptatem vel magni. Est omnis tempora aperiam enim sed mollitia sint. Aut dicta quis consequatur autem voluptatem quis. Eos perferendis eius quo. Quia expedita at suscipit repudiandae ut officiis perspiciatis aliquam.'),(100,20,20,'blanditiis','Illum error harum est dolores molestiae. Molestiae omnis vitae dolorum odit aut odio quae. Non non consequatur officia sint aliquid magni. Et quidem necessitatibus cumque. Reiciendis doloremque officia aut optio quasi. Perferendis dolor eos explicabo vel aliquam minima fugit. Consequatur asperiores voluptate ut mollitia qui. Voluptatem nihil possimus deleniti voluptas sed in nihil. Recusandae inventore vitae consequuntur nobis ea dolore quia. Qui architecto rerum eveniet accusantium nisi atque incidunt. Optio dolores quia doloribus nemo et. Atque maiores dolor est quia. Nisi qui ratione vel cupiditate voluptatem enim ut. Consequatur enim et officia temporibus aut vel vel. Laboriosam hic et voluptatem sit eveniet. Dicta eum officiis ut ut voluptas omnis eum. Esse in consequatur iure saepe omnis delectus temporibus. Non unde necessitatibus et. Voluptatem molestiae non fugit odio et. Rerum qui minima aspernatur assumenda provident delectus repellat. Quia suscipit quas et ex molestias voluptatem. Incidunt et aut ratione soluta consectetur architecto voluptatum. Voluptas autem dolorem porro perspiciatis aspernatur nemo corrupti. Nobis incidunt vel voluptatum. Doloribus et cum at ad optio ut molestiae. Consequatur quo aperiam esse et dicta. Placeat facere alias unde eum porro. Alias cumque sint ut totam vel architecto occaecati. Omnis pariatur occaecati fugit culpa harum et. Sed consequatur fugiat id et. Earum assumenda dignissimos veritatis rem deleniti reiciendis. Placeat itaque delectus reiciendis quidem.');
/*!40000 ALTER TABLE `music_tracks` ENABLE KEYS */;
UNLOCK TABLES;

--
-- Table structure for table `photo_albums`
--

DROP TABLE IF EXISTS `photo_albums`;
/*!40101 SET @saved_cs_client     = @@character_set_client */;
/*!50503 SET character_set_client = utf8mb4 */;
CREATE TABLE `photo_albums` (
  `id` bigint unsigned NOT NULL AUTO_INCREMENT,
  `name` varchar(255) DEFAULT NULL,
  `user_id` bigint unsigned DEFAULT NULL,
  PRIMARY KEY (`id`),
  UNIQUE KEY `id` (`id`),
  KEY `user_id` (`user_id`),
  CONSTRAINT `photo_albums_ibfk_1` FOREIGN KEY (`user_id`) REFERENCES `users` (`id`) ON DELETE SET NULL ON UPDATE CASCADE
) ENGINE=InnoDB AUTO_INCREMENT=41 DEFAULT CHARSET=utf8mb4 COLLATE=utf8mb4_0900_ai_ci;
/*!40101 SET character_set_client = @saved_cs_client */;

--
-- Dumping data for table `photo_albums`
--

LOCK TABLES `photo_albums` WRITE;
/*!40000 ALTER TABLE `photo_albums` DISABLE KEYS */;
INSERT INTO `photo_albums` VALUES (1,'dolores',1),(2,'aperiam',2),(3,'excepturi',3),(4,'qui',4),(5,'adipisci',5),(6,'quidem',6),(7,'doloremque',7),(8,'voluptatum',8),(9,'expedita',9),(10,'porro',10),(11,'nesciunt',11),(12,'aut',12),(13,'tempore',13),(14,'dolor',14),(15,'nulla',15),(16,'mollitia',16),(17,'blanditiis',17),(18,'non',18),(19,'eveniet',19),(20,'exercitationem',20),(21,'a',21),(22,'velit',22),(23,'autem',23),(24,'iusto',24),(25,'dolorem',25),(26,'nostrum',26),(27,'suscipit',27),(28,'molestias',28),(29,'totam',29),(30,'aliquid',30),(31,'quasi',31),(32,'quas',32),(33,'ab',33),(34,'quia',34),(35,'sapiente',35),(36,'ipsa',36),(37,'est',37),(38,'doloribus',38),(39,'et',39),(40,'voluptate',40);
/*!40000 ALTER TABLE `photo_albums` ENABLE KEYS */;
UNLOCK TABLES;

--
-- Table structure for table `photos`
--

DROP TABLE IF EXISTS `photos`;
/*!40101 SET @saved_cs_client     = @@character_set_client */;
/*!50503 SET character_set_client = utf8mb4 */;
CREATE TABLE `photos` (
  `id` bigint unsigned NOT NULL AUTO_INCREMENT,
  `album_id` bigint unsigned NOT NULL,
  `media_id` bigint unsigned NOT NULL,
  PRIMARY KEY (`id`),
  UNIQUE KEY `id` (`id`),
  KEY `album_id` (`album_id`),
  KEY `media_id` (`media_id`),
  CONSTRAINT `photos_ibfk_1` FOREIGN KEY (`album_id`) REFERENCES `photo_albums` (`id`) ON DELETE CASCADE ON UPDATE CASCADE,
  CONSTRAINT `photos_ibfk_2` FOREIGN KEY (`media_id`) REFERENCES `media` (`id`) ON DELETE CASCADE ON UPDATE CASCADE
) ENGINE=InnoDB AUTO_INCREMENT=41 DEFAULT CHARSET=utf8mb4 COLLATE=utf8mb4_0900_ai_ci;
/*!40101 SET character_set_client = @saved_cs_client */;

--
-- Dumping data for table `photos`
--

LOCK TABLES `photos` WRITE;
/*!40000 ALTER TABLE `photos` DISABLE KEYS */;
INSERT INTO `photos` VALUES (1,1,1),(2,2,2),(3,3,3),(4,4,4),(5,5,5),(6,6,6),(7,7,7),(8,8,8),(9,9,9),(10,10,10),(11,11,11),(12,12,12),(13,13,13),(14,14,14),(15,15,15),(16,16,16),(17,17,17),(18,18,18),(19,19,19),(20,20,20),(21,21,21),(22,22,22),(23,23,23),(24,24,24),(25,25,25),(26,26,26),(27,27,27),(28,28,28),(29,29,29),(30,30,30),(31,31,31),(32,32,32),(33,33,33),(34,34,34),(35,35,35),(36,36,36),(37,37,37),(38,38,38),(39,39,39),(40,40,40);
/*!40000 ALTER TABLE `photos` ENABLE KEYS */;
UNLOCK TABLES;

--
-- Table structure for table `profiles`
--

DROP TABLE IF EXISTS `profiles`;
/*!40101 SET @saved_cs_client     = @@character_set_client */;
/*!50503 SET character_set_client = utf8mb4 */;
CREATE TABLE `profiles` (
  `user_id` bigint unsigned NOT NULL AUTO_INCREMENT,
  `gender` char(1) DEFAULT NULL,
  `birthday` date DEFAULT NULL,
  `photo_id` bigint unsigned DEFAULT NULL,
  `created_at` datetime DEFAULT CURRENT_TIMESTAMP,
  PRIMARY KEY (`user_id`),
  UNIQUE KEY `user_id` (`user_id`),
  CONSTRAINT `fk_user_id` FOREIGN KEY (`user_id`) REFERENCES `users` (`id`) ON DELETE CASCADE ON UPDATE CASCADE
) ENGINE=InnoDB AUTO_INCREMENT=41 DEFAULT CHARSET=utf8mb4 COLLATE=utf8mb4_0900_ai_ci;
/*!40101 SET character_set_client = @saved_cs_client */;

--
-- Dumping data for table `profiles`
--

LOCK TABLES `profiles` WRITE;
/*!40000 ALTER TABLE `profiles` DISABLE KEYS */;
INSERT INTO `profiles` VALUES (1,'m','1982-10-24',1,'1994-06-08 13:22:30'),(2,'m','1987-02-26',2,'2001-10-16 19:55:04'),(3,'m','1992-10-10',3,'1981-12-23 03:19:55'),(4,'m','2014-06-15',4,'2021-01-19 09:04:31'),(5,'f','1981-09-19',5,'2014-04-23 06:24:02'),(6,'m','2019-04-03',6,'1995-03-26 00:14:30'),(7,'m','1994-03-02',7,'2016-09-27 04:36:21'),(8,'f','2009-12-22',8,'1999-03-31 06:09:14'),(9,'m','1975-07-18',9,'1998-01-07 00:13:17'),(10,'f','2006-12-21',10,'2020-06-18 01:33:46'),(11,'f','1995-05-11',11,'1979-07-23 07:08:50'),(12,'f','2005-01-04',12,'2005-08-24 13:05:25'),(13,'f','1999-11-04',13,'1983-08-29 03:09:43'),(14,'f','2011-12-15',14,'1983-12-18 19:27:32'),(15,'f','2000-04-01',15,'1997-08-24 14:11:12'),(16,'m','2013-04-12',16,'1999-07-30 03:48:17'),(17,'f','2009-07-26',17,'2002-11-19 16:58:17'),(18,'f','1985-08-23',18,'1970-12-13 18:11:24'),(19,'f','2001-07-13',19,'1973-03-04 01:40:06'),(20,'f','1992-04-30',20,'1999-07-18 16:43:46'),(21,'m','2003-11-06',21,'1983-12-06 12:28:56'),(22,'m','2006-06-16',22,'1996-08-31 23:02:47'),(23,'f','1972-06-07',23,'1971-08-29 22:29:50'),(24,'f','1985-09-11',24,'1973-04-26 19:11:41'),(25,'f','1997-10-08',25,'2003-02-26 08:35:28'),(26,'m','1991-08-31',26,'1972-11-26 21:04:39'),(27,'m','2016-04-22',27,'1989-09-25 12:27:26'),(28,'f','1997-03-05',28,'1997-04-27 00:18:46'),(29,'m','1996-01-21',29,'1995-09-04 14:06:29'),(30,'m','2006-03-04',30,'1971-01-30 21:37:18'),(31,'m','2016-07-09',31,'2017-10-06 16:18:10'),(32,'m','1996-07-10',32,'2012-08-30 17:55:35'),(33,'f','2015-03-18',33,'2001-08-05 00:43:59'),(34,'f','1999-08-08',34,'1981-06-06 05:06:44'),(35,'m','2012-03-05',35,'2013-02-06 20:34:36'),(36,'m','1996-05-25',36,'1986-12-22 19:31:51'),(37,'f','1985-12-20',37,'1977-12-05 07:56:17'),(38,'f','2016-09-14',38,'2021-03-09 11:45:35'),(39,'f','2020-05-17',39,'2009-06-02 05:34:10'),(40,'f','1984-01-23',40,'1990-07-19 16:57:23');
/*!40000 ALTER TABLE `profiles` ENABLE KEYS */;
UNLOCK TABLES;

--
-- Table structure for table `spam`
--

DROP TABLE IF EXISTS `spam`;
/*!40101 SET @saved_cs_client     = @@character_set_client */;
/*!50503 SET character_set_client = utf8mb4 */;
CREATE TABLE `spam` (
  `id` bigint unsigned NOT NULL AUTO_INCREMENT,
  `user_id` bigint unsigned NOT NULL COMMENT ' ,    null))    ))',
  `message_id` bigint unsigned NOT NULL COMMENT '   ,       ',
  PRIMARY KEY (`id`),
  UNIQUE KEY `id` (`id`),
  KEY `user_id` (`user_id`),
  KEY `message_id` (`message_id`),
  CONSTRAINT `spam_ibfk_1` FOREIGN KEY (`user_id`) REFERENCES `users` (`id`) ON DELETE CASCADE ON UPDATE CASCADE,
  CONSTRAINT `spam_ibfk_2` FOREIGN KEY (`message_id`) REFERENCES `messages` (`id`) ON DELETE CASCADE ON UPDATE CASCADE
) ENGINE=InnoDB AUTO_INCREMENT=21 DEFAULT CHARSET=utf8mb4 COLLATE=utf8mb4_0900_ai_ci;
/*!40101 SET character_set_client = @saved_cs_client */;

--
-- Dumping data for table `spam`
--

LOCK TABLES `spam` WRITE;
/*!40000 ALTER TABLE `spam` DISABLE KEYS */;
INSERT INTO `spam` VALUES (1,1,1),(2,2,2),(3,3,3),(4,4,4),(5,5,5),(6,6,6),(7,7,7),(8,8,8),(9,9,9),(10,10,10),(11,11,11),(12,12,12),(13,13,13),(14,14,14),(15,15,15),(16,16,16),(17,17,17),(18,18,18),(19,19,19),(20,20,20);
/*!40000 ALTER TABLE `spam` ENABLE KEYS */;
UNLOCK TABLES;

--
-- Table structure for table `users`
--

DROP TABLE IF EXISTS `users`;
/*!40101 SET @saved_cs_client     = @@character_set_client */;
/*!50503 SET character_set_client = utf8mb4 */;
CREATE TABLE `users` (
  `id` bigint unsigned NOT NULL AUTO_INCREMENT,
  `firstname` varchar(100) DEFAULT NULL,
  `lastname` varchar(100) DEFAULT NULL COMMENT '',
  `email` varchar(150) DEFAULT NULL,
  `password_hash` varchar(100) DEFAULT NULL,
  `phone` bigint unsigned DEFAULT NULL,
  `is_deleted` bit(1) DEFAULT b'0',
  PRIMARY KEY (`id`),
  UNIQUE KEY `id` (`id`),
  UNIQUE KEY `email` (`email`),
  KEY `users_firstname_lastname_ind` (`lastname`,`firstname`)
) ENGINE=InnoDB AUTO_INCREMENT=41 DEFAULT CHARSET=utf8mb4 COLLATE=utf8mb4_0900_ai_ci;
/*!40101 SET character_set_client = @saved_cs_client */;

--
-- Dumping data for table `users`
--

LOCK TABLES `users` WRITE;
/*!40000 ALTER TABLE `users` DISABLE KEYS */;
INSERT INTO `users` VALUES (1,'Griffin','Williamson','kunde.ryder@example.com','42fb8f324363d89c4892b511abe7793bd9410790',89737699630,_binary ''),(2,'Caterina','Olson','jerad35@example.com','3e4b99ccdbb02f986686843629ba4f50d17615c2',89318219272,_binary ''),(3,'Morton','Murphy','marquis73@example.net','869a06c64374108bdc877722d643eb27a1089b51',89634172571,_binary ''),(4,'Dejon','Erdman','ilene89@example.com','daf802b58aa72757a75567dd12878cd200cb402a',89636418601,_binary ''),(5,'Nova','Breitenberg','ullrich.tiana@example.net','553fcc9fc1d92e1e9786c213a949e75d8a22a998',89676941320,_binary ''),(6,'Stacey','Fadel','godfrey.powlowski@example.com','0fe7b34a55bfed49bc833c5477a66101a05af8f8',89100645394,_binary ''),(7,'Oliver','Kutch','cornell75@example.org','49855f3448820b083c693db747e4b4089ff9c61a',89910467565,_binary '\0'),(8,'Abbigail','Thiel','gusikowski.ima@example.com','6f219900398999becfd09f95c0b31678dd4d9258',89725784800,_binary '\0'),(9,'Elvis','Swaniawski','jakubowski.mikel@example.org','23b0c380a1452424ebe275bb56717e5608fe4167',89460155833,_binary '\0'),(10,'Buddy','Kuhic','gustave10@example.org','71d34ac85abd6859bed7f5d85d3f30b8c79c790f',89223247872,_binary ''),(11,'Vickie','Jacobs','hwaters@example.com','0919ef5d3d4992f8e6a74715f3393fb0421e38e0',89381699157,_binary ''),(12,'Haleigh','DuBuque','bauch.kaylie@example.org','57d7cebf6f0b3330796c2f1ae9aeb07465b1d20b',89408415949,_binary ''),(13,'Elias','Hilpert','cgerlach@example.org','d160fe31900d8a6c6f138e1d362de4a85590e6fa',89459723033,_binary ''),(14,'Marietta','Schumm','gabriel.parker@example.com','087645df227d25fdba4c8c82719862b65e780c61',89388490497,_binary '\0'),(15,'Eladio','Kshlerin','jalyn.dibbert@example.org','148c7e8f6b1247cdaab4213ebcac9812f7973264',89138588391,_binary '\0'),(16,'Eladio','Dooley','loren.yundt@example.com','aa6e794cd2c4fef7d557796b342e1120bcd59de2',89400921822,_binary '\0'),(17,'Jeremy','Swift','bill.moen@example.org','48e3484b394ae429f35225ecb77ee50cb3249995',89133289605,_binary '\0'),(18,'Chaz','Pfeffer','obode@example.com','af763f272e74df98b98fc2d73cd1df879f03eff4',89735743677,_binary ''),(19,'Asha','Kuphal','mac.homenick@example.com','78a0c96ef9ae354501032ad71ba767fdbf935976',89397202841,_binary ''),(20,'Audrey','Heaney','melody.padberg@example.com','54658bbe108fed5028252a208c888f3f17ca0e46',89672565431,_binary ''),(21,'Bernie','Rosenbaum','tierra13@example.net','b747709a9df8f36e4839761d9796582e37a623ef',89764241534,_binary '\0'),(22,'Janelle','Klein','dedrick51@example.com','d7dc268d450f419f1958009aa8b7b5ff8902a5f8',89488263557,_binary '\0'),(23,'Justice','Nicolas','addie27@example.org','7b395be0b84b23bbef122541b4f692cc9b75c040',89354090079,_binary '\0'),(24,'Edwina','Boehm','alek.baumbach@example.org','acef1b0ed4d23faa5d923e6a65bc62484d7254f9',89327672207,_binary ''),(25,'Freeman','Krajcik','raina46@example.org','86686cf8302d395f11a0e6001c15b33dab6f9e69',89634039629,_binary '\0'),(26,'Mustafa','Collier','kuhn.dan@example.org','23f6d32d69bb1f0ecd64a398c313e02ea890f31d',89666329335,_binary ''),(27,'Kole','Donnelly','torrance.schulist@example.net','3fb5b86cbb10a79e25b307357616a86fde8e2339',89647243779,_binary '\0'),(28,'Jaida','Mosciski','kieran.skiles@example.com','dcf6598f847d71837f59c2305ce53dd65ea474fd',89968593099,_binary '\0'),(29,'Madisyn','Quigley','roslyn76@example.com','ff4385e28c4e40fd067c7bca84e18d4e723bc9c7',89019667861,_binary '\0'),(30,'Dallin','Hettinger','fcollier@example.net','deb55c96750c8dacb1bd56fb4d8ad056b2327268',89890834274,_binary ''),(31,'Emmanuelle','McClure','cullen83@example.org','7d5f5bcddcf910bf8f7bd659604ef14a8eaf704e',89953421649,_binary '\0'),(32,'Craig','Williamson','chelsie60@example.com','e2c30e52d34be23c5c3d2913ffef7d56bcb2b786',89882917819,_binary ''),(33,'Alexa','Wolf','dhayes@example.net','2d308ab142a9e894f0a569d50d980b7bb1c475db',89104161688,_binary ''),(34,'Maud','Cruickshank','mclaughlin.nels@example.net','12add348bad6fc8c01f748aa4ac43fcae89b1de2',89403775152,_binary '\0'),(35,'Murray','Koch','robyn.dickinson@example.net','fcb48d2a120d6a0ba037dff93f882f96bd47af2e',89248977927,_binary ''),(36,'Jerrell','Weissnat','roselyn.breitenberg@example.com','e284140411c4278a0aa7f64ebd94568ab37107af',89079964282,_binary ''),(37,'Idella','Hirthe','streich.dannie@example.net','5164d62057f99fefc659adab05edcc02c1728b26',89463657666,_binary '\0'),(38,'Janet','Bailey','brannon41@example.org','3c4fdaf18239a729c41ed2a22a5d673061228535',89563784601,_binary '\0'),(39,'Steve','Nikolaus','amaya.beatty@example.org','59f7c36735fc1d9421776b9118b25290717750c4',89250141207,_binary ''),(40,'Hertha','Wiza','estefania.emard@example.com','ff031cd5139fccb78c0b2df3ba693647804681ce',89004327387,_binary '\0');
/*!40000 ALTER TABLE `users` ENABLE KEYS */;
UNLOCK TABLES;

--
-- Table structure for table `users_communities`
--

DROP TABLE IF EXISTS `users_communities`;
/*!40101 SET @saved_cs_client     = @@character_set_client */;
/*!50503 SET character_set_client = utf8mb4 */;
CREATE TABLE `users_communities` (
  `user_id` bigint unsigned NOT NULL,
  `community_id` bigint unsigned NOT NULL,
  PRIMARY KEY (`user_id`,`community_id`),
  KEY `community_id` (`community_id`)
) ENGINE=InnoDB DEFAULT CHARSET=utf8mb4 COLLATE=utf8mb4_0900_ai_ci;
/*!40101 SET character_set_client = @saved_cs_client */;

--
-- Dumping data for table `users_communities`
--

LOCK TABLES `users_communities` WRITE;
/*!40000 ALTER TABLE `users_communities` DISABLE KEYS */;
INSERT INTO `users_communities` VALUES (1,1),(21,1),(2,2),(22,2),(3,3),(23,3),(24,4),(6,6),(26,6),(7,7),(27,7),(8,8),(28,8),(9,9),(30,10),(11,11),(31,11),(12,12),(32,12),(13,13),(33,13),(14,14),(35,15),(16,16),(36,16),(17,17),(37,17),(19,19),(20,20),(1,21),(21,21),(2,22),(22,22),(3,23),(23,23),(4,24),(24,24),(6,26),(26,26),(7,27),(27,27),(8,28),(28,28),(9,29),(10,30),(11,31),(31,31),(12,32),(13,33),(33,33),(14,34),(15,35),(35,35),(16,36),(36,36),(17,37),(37,37),(18,38),(39,39),(20,40),(1,41),(2,42),(22,42),(3,43),(23,43),(4,44),(24,44),(5,45),(25,45),(26,46),(7,47),(27,47),(8,48),(28,48),(9,49),(29,49),(11,51),(12,52),(13,53),(14,54),(15,55),(16,56),(36,56),(17,57),(37,57),(18,58),(39,59),(20,60),(40,60),(2,62),(22,62),(3,63),(23,63),(4,64),(5,65),(25,65),(26,66),(7,67),(27,67),(9,69),(29,69),(11,71),(31,71),(12,72),(32,72),(13,73),(14,74),(34,74),(15,75),(16,76),(36,76),(17,77),(37,77),(18,78),(19,79),(39,79),(20,80),(40,80),(21,81),(22,82),(3,83),(23,83),(4,84),(5,85),(25,85),(6,86),(26,86),(7,87),(27,87),(29,89),(10,90),(30,90),(11,91),(31,91),(32,92),(13,93),(14,94),(34,94),(15,95),(35,95),(16,96),(36,96),(37,97),(18,98),(19,99),(20,100),(40,100);
/*!40000 ALTER TABLE `users_communities` ENABLE KEYS */;
UNLOCK TABLES;
/*!40103 SET TIME_ZONE=@OLD_TIME_ZONE */;

/*!40101 SET SQL_MODE=@OLD_SQL_MODE */;
/*!40014 SET FOREIGN_KEY_CHECKS=@OLD_FOREIGN_KEY_CHECKS */;
/*!40014 SET UNIQUE_CHECKS=@OLD_UNIQUE_CHECKS */;
/*!40101 SET CHARACTER_SET_CLIENT=@OLD_CHARACTER_SET_CLIENT */;
/*!40101 SET CHARACTER_SET_RESULTS=@OLD_CHARACTER_SET_RESULTS */;
/*!40101 SET COLLATION_CONNECTION=@OLD_COLLATION_CONNECTION */;
/*!40111 SET SQL_NOTES=@OLD_SQL_NOTES */;

-- Dump completed on 2021-04-02 21:33:02
